ts,symbol,side,price,bid,ask
2024-01-01 00:00:00.500659,ETH,buy,2299.1159,2298.6654,2299.1066
2024-01-01 00:00:00.750696,BTC,buy,42004.1925,41996.2968,42003.6882
2024-01-01 00:00:01.751097,SOL,buy,101.0638,101.0423,101.0651
2024-01-01 00:00:02.001041,BTC,sell,41998.1544,41997.9309,42006.7785
2024-01-01 00:00:02.501043,ETH,buy,2299.2238,2298.7321,2299.2558
2024-01-01 00:00:04.000694,ETH,sell,2295.4125,2295.5099,2295.7741
2024-01-01 00:00:04.501069,ETH,buy,2296.0576,2295.6632,2295.9928
2024-01-01 00:00:05.001035,SOL,sell,101.0837,101.0878,101.0998
2024-01-01 00:00:05.250602,SOL,sell,101.1153,101.1142,101.1367
2024-01-01 00:00:06.000651,BTC,buy,42010.7049,42003.3036,42009.705
2024-01-01 00:00:06.000651,ETH,buy,2294.5451,2294.1837,2294.4477
2024-01-01 00:00:06.750921,SOL,sell,101.1426,101.1385,101.167
2024-01-01 00:00:07.501120,BTC,sell,42015.8896,42014.5427,42025.6405
2024-01-01 00:00:07.750701,BTC,sell,42015.8896,42014.5427,42025.6405
2024-01-01 00:00:09.500736,ETH,sell,2296.3303,2296.3499,2296.7701
2024-01-01 00:00:09.750520,ETH,buy,2296.7896,2296.3499,2296.7701
2024-01-01 00:00:10.250997,ETH,buy,2296.7896,2296.3499,2296.7701
2024-01-01 00:00:10.250997,SOL,buy,101.1336,101.1119,101.135
2024-01-01 00:00:10.500834,ETH,sell,2296.3303,2296.3499,2296.7701
2024-01-01 00:00:12.251029,BTC,sell,41969.9372,41970.2162,41978.0529
2024-01-01 00:00:13.001389,BTC,buy,42000.2877,41991.9548,42000.2213
2024-01-01 00:00:13.251382,ETH,sell,2298.452,2298.5147,2298.8491
2024-01-01 00:00:13.501309,SOL,sell,101.0084,101.0075,101.0294
2024-01-01 00:00:13.751281,BTC,buy,42006.2745,41999.3145,42004.8341
2024-01-01 00:00:15.500923,ETH,sell,2300.9338,2300.9826,2301.3452
