ts,price,mean20,sd20,z
2024-01-01 00:00:00.750696,42004.1925,42004.1925,NULL,NULL
2024-01-01 00:00:02.001041,41998.1544,42001.17345,4.269581455483608,-0.7071067811869736
2024-01-01 00:00:06.000651,42010.7049,42004.3506,6.27674352431133,1.0123561645282035
2024-01-01 00:00:07.501120,42015.8896,42007.23535,7.717003073084806,1.1214521904473118
2024-01-01 00:00:07.750701,42015.8896,42008.9662,7.722908191542797,0.8964757612399629
2024-01-01 00:00:12.251029,41969.9372,42002.46136666666,17.366398271222067,-1.872821650103374
2024-01-01 00:00:13.001389,42000.2877,42002.15084285714,15.874554041491189,-0.11736662663210579
2024-01-01 00:00:13.751281,42006.2745,42002.6663,14.769117276070004,0.24430708569486856
2024-01-01 00:00:15.750514,41999.5204,42002.31675555555,13.8549848012476,-0.20183028676402798
2024-01-01 00:00:18.001193,41970.1581,41999.100889999994,16.554442321455774,-1.7483397772017792
2024-01-01 00:00:19.751217,41946.3062,41994.30137272727,22.361431776170395,-2.1463371937756395
2024-01-01 00:00:20.251461,41954.6963,41991.000949999994,24.192757395535082,-1.5006412624420886
2024-01-01 00:00:21.000526,41987.5493,41990.73543846153,23.182576160434543,-0.13743677318187217
2024-01-01 00:00:22.251247,41956.9046,41988.31894999999,24.038360128115016,-1.306842473137339
2024-01-01 00:00:25.750877,41937.8887,41984.95693333333,26.572836054209407,-1.7712913005335096
2024-01-01 00:00:26.001310,41937.8887,41982.01516875,28.240129308952625,-1.5625448547788514
2024-01-01 00:00:30.251056,41916.9712,41978.189052941176,31.567809617199565,-1.9392493075547934
2024-01-01 00:00:31.000954,41916.9712,41974.78806111111,33.8542288308751,-1.7078179922498022
2024-01-01 00:00:32.751126,41928.2103,41972.3366,34.59219085412149,-1.2756144930538884
2024-01-01 00:00:34.501381,41903.9359,41968.91656500001,36.98070407092868,-1.7571505635852058
2024-01-01 00:00:35.000815,41903.9359,41963.90373500001,38.70223911622896,-1.5494668104322715
2024-01-01 00:00:40.000588,41903.2378,41959.15790500001,40.076369535834125,-1.3953385909869895
2024-01-01 00:00:40.250868,41911.6193,41954.20362500001,39.48891981419027,-1.0783866765762513
2024-01-01 00:00:41.251234,41903.2378,41948.571035000015,38.24158344126259,-1.185443460249042
2024-01-01 00:00:41.501240,41879.7716,41941.76513500001,37.739496931541275,-1.642669882761389
2024-01-01 00:00:45.501467,41885.4515,41937.540850000005,39.12314667518288,-1.3314202569765186
2024-01-01 00:00:48.000824,41851.2754,41930.090235,40.701816143891826,-1.9363960252135461
2024-01-01 00:00:51.001329,41828.3338,41921.1932,42.577053435229786,-2.180972906950061
2024-01-01 00:00:53.250723,41800.278,41911.231080000005,46.42127616707335,-2.3901342048563867
2024-01-01 00:00:55.501455,41815.0652,41903.476435,48.94495035896364,-1.806340273135208
