bucket,symbol,imbalance
2024-01-01 00:00:00,BTC,-0.031048690111958425
2024-01-01 00:00:00,ETH,0.04026540689276062
2024-01-01 00:00:00,SOL,-0.013569317335884144
2024-01-01 00:05:00,BTC,-0.007873943529605475
2024-01-01 00:05:00,ETH,-0.025479914153788027
2024-01-01 00:05:00,SOL,0.015364763703065252
2024-01-01 00:10:00,BTC,0.006949281006167358
2024-01-01 00:10:00,ETH,-0.031366760144283926
2024-01-01 00:10:00,SOL,-0.028622077075800004
2024-01-01 00:15:00,BTC,-0.05132900890128173
2024-01-01 00:15:00,ETH,-0.04216140747383843
2024-01-01 00:15:00,SOL,-0.020254479208928405
2024-01-01 00:20:00,BTC,-0.0379867731477531
2024-01-01 00:20:00,ETH,0.031003642005620023
2024-01-01 00:20:00,SOL,-0.020238307661716054
2024-01-01 00:25:00,BTC,0.022639794439537852
2024-01-01 00:25:00,ETH,0.008361178397177885
2024-01-01 00:25:00,SOL,0.007424154468226892
