device,ts,rate
a,2024-01-01 00:00:03,1.6666666666666667
a,2024-01-01 00:00:06,3.3333333333333335
a,2024-01-01 00:00:09,3.6666666666666665
a,2024-01-01 00:00:12,2.3333333333333335
a,2024-01-01 00:00:15,3.0
a,2024-01-01 00:00:18,3.0
a,2024-01-01 00:00:21,4.0
a,2024-01-01 00:00:24,4.666666666666667
a,2024-01-01 00:00:27,3.6666666666666665
a,2024-01-01 00:00:30,2.6666666666666665
a,2024-01-01 00:00:33,3.3333333333333335
a,2024-01-01 00:00:36,2.0
a,2024-01-01 00:00:39,1.6666666666666667
a,2024-01-01 00:00:42,4.666666666666667
a,2024-01-01 00:00:45,2.3333333333333335
a,2024-01-01 00:00:48,4.666666666666667
a,2024-01-01 00:00:51,2.3333333333333335
a,2024-01-01 00:00:54,4.666666666666667
a,2024-01-01 00:00:57,2.3333333333333335
a,2024-01-01 00:01:00,3.6666666666666665
