minute,symbol,ret,place,pct,half
2024-01-01 00:00:00,ETH,0.0020426652986875737,1,1.0,2
2024-01-01 00:00:00,SOL,-0.0013625056647385003,2,0.5,1
2024-01-01 00:00:00,BTC,-0.0053316773081639734,3,0.0,1
2024-01-01 00:01:00,BTC,0.0040681340379427056,1,1.0,2
2024-01-01 00:01:00,ETH,-0.003866352995481437,2,0.5,1
2024-01-01 00:01:00,SOL,-0.008282772586720166,3,0.0,1
2024-01-01 00:02:00,ETH,0.002959723961928784,1,1.0,2
2024-01-01 00:02:00,SOL,-0.002173693710972757,2,0.5,1
2024-01-01 00:02:00,BTC,-0.0038888837332492487,3,0.0,1
2024-01-01 00:03:00,BTC,0.004344459310728688,1,1.0,2
2024-01-01 00:03:00,SOL,-0.0015603045698496798,2,0.5,1
2024-01-01 00:03:00,ETH,-0.005555816046483031,3,0.0,1
2024-01-01 00:04:00,SOL,0.0060830672723948265,1,1.0,2
2024-01-01 00:04:00,ETH,0.000505966464231955,2,0.5,1
2024-01-01 00:04:00,BTC,-0.001332346468943757,3,0.0,1
2024-01-01 00:05:00,SOL,0.0018951484399740703,1,1.0,2
2024-01-01 00:05:00,BTC,0.00041731295964209103,2,0.5,1
2024-01-01 00:05:00,ETH,-0.004973693652480016,3,0.0,1
2024-01-01 00:06:00,ETH,0.004775109949560097,1,1.0,2
2024-01-01 00:06:00,BTC,0.003931341587152248,2,0.5,1
2024-01-01 00:06:00,SOL,-0.001285064911741518,3,0.0,1
2024-01-01 00:07:00,BTC,0.004371577974829011,1,1.0,2
2024-01-01 00:07:00,ETH,0.004250296816717514,2,0.5,1
2024-01-01 00:07:00,SOL,-0.002630380141379174,3,0.0,1
2024-01-01 00:08:00,BTC,0.0011949981526817588,1,1.0,2
2024-01-01 00:08:00,SOL,-0.0029552359834018604,2,0.5,1
2024-01-01 00:08:00,ETH,-0.003042194429302758,3,0.0,1
2024-01-01 00:09:00,ETH,0.00010863922168535822,1,1.0,2
2024-01-01 00:09:00,BTC,-0.0013002612806618519,2,0.5,1
2024-01-01 00:09:00,SOL,-0.002694121332862065,3,0.0,1
