ts,symbol,volume_so_far,position
2024-01-01 00:00:00.750696,BTC,0.2278,0.2278
2024-01-01 00:00:02.001041,BTC,1.1543,-0.6987
2024-01-01 00:00:06.000651,BTC,2.9572000000000003,1.1042
2024-01-01 00:00:07.501120,BTC,3.0977,0.9637
2024-01-01 00:00:07.750701,BTC,3.3649,0.6965
2024-01-01 00:00:12.251029,BTC,3.8119,0.2495
2024-01-01 00:00:13.001389,BTC,4.0349,0.47250000000000003
2024-01-01 00:00:13.751281,BTC,4.6355,1.0731000000000002
2024-01-01 00:00:15.750514,BTC,6.2629,-0.5542999999999998
2024-01-01 00:00:18.001193,BTC,9.1924,-3.4837999999999996
2024-01-01 00:00:19.751217,BTC,9.2896,-3.5809999999999995
2024-01-01 00:00:20.251461,BTC,9.6802,-3.1903999999999995
2024-01-01 00:00:21.000526,BTC,9.7706,-3.0999999999999996
2024-01-01 00:00:22.251247,BTC,9.8358,-3.1651999999999996
2024-01-01 00:00:25.750877,BTC,11.124500000000001,-4.453899999999999
2024-01-01 00:00:26.001310,BTC,11.689700000000002,-5.019099999999999
2024-01-01 00:00:30.251056,BTC,11.914400000000002,-5.243799999999999
2024-01-01 00:00:31.000954,BTC,12.204200000000002,-5.533599999999999
2024-01-01 00:00:32.751126,BTC,13.045600000000002,-4.692199999999999
2024-01-01 00:00:34.501381,BTC,13.132700000000002,-4.605099999999998
