minute,first,min,max,last
2024-01-01 00:00:00,19.72,19.72,21.79,21.73
2024-01-01 00:01:00,21.75,21.35,23.65,23.34
2024-01-01 00:02:00,23.58,23.11,24.91,24.79
2024-01-01 00:03:00,24.56,24.18,25.58,24.89
2024-01-01 00:04:00,25.3,24.38,25.39,24.48
2024-01-01 00:05:00,24.58,22.89,24.66,23.7
2024-01-01 00:06:00,23.45,21.48,23.52,21.48
2024-01-01 00:07:00,21.59,19.54,21.81,20.54
2024-01-01 00:08:00,19.83,17.63,19.83,18.76
2024-01-01 00:09:00,17.73,15.84,18.25,16.23
2024-01-01 00:10:00,15.81,14.97,16.83,15.59
2024-01-01 00:11:00,15.31,14.35,15.56,14.35
2024-01-01 00:12:00,15.03,14.69,15.77,15.77
2024-01-01 00:13:00,15.49,15.49,17.03,16.62
2024-01-01 00:14:00,16.74,16.74,18.65,18.65
2024-01-01 00:15:00,18.61,18.27,20.59,20.39
2024-01-01 00:16:00,20.48,20.48,22.54,22.54
2024-01-01 00:17:00,22.65,22.2,24.45,24.45
2024-01-01 00:18:00,23.97,23.73,25.24,25.03
2024-01-01 00:19:00,24.58,24.48,25.44,24.65
2024-01-01 00:20:00,24.29,24.04,25.32,24.04
2024-01-01 00:21:00,24.2,22.84,24.61,23.42
2024-01-01 00:22:00,23.21,20.93,23.21,20.93
2024-01-01 00:23:00,21.26,18.88,21.26,18.88
2024-01-01 00:24:00,18.67,17.34,19.48,17.34
2024-01-01 00:25:00,17.65,15.87,17.65,15.87
2024-01-01 00:26:00,16.15,14.61,16.15,15.27
2024-01-01 00:27:00,14.9,14.38,15.73,15.04
2024-01-01 00:28:00,15.05,14.91,16.06,15.97
2024-01-01 00:29:00,15.5,15.4,17.53,17.16
