ts,symbol,price,drawdown
2024-01-01 00:00:01.751097,SOL,101.0638,0.0
2024-01-01 00:00:05.001035,SOL,101.0837,0.0
2024-01-01 00:00:05.250602,SOL,101.1153,0.0
2024-01-01 00:00:06.750921,SOL,101.1426,0.0
2024-01-01 00:00:10.250997,SOL,101.1336,-8.898327707618225e-05
2024-01-01 00:00:13.501309,SOL,101.0084,-0.0013268395315130244
2024-01-01 00:00:18.501318,SOL,101.0567,-0.0008492959445376425
2024-01-01 00:00:19.000846,SOL,101.0316,-0.0010974604172723224
2024-01-01 00:00:22.500625,SOL,101.029,-0.001123166697316491
2024-01-01 00:00:23.751024,SOL,101.0217,-0.0011953420220560673
2024-01-01 00:00:24.251259,SOL,101.042,-0.0009946352970954253
2024-01-01 00:00:24.501320,SOL,101.042,-0.0009946352970954253
2024-01-01 00:00:25.500569,SOL,101.0632,-0.0007850302444272206
2024-01-01 00:00:28.000928,SOL,100.8867,-0.002530091178197913
2024-01-01 00:00:31.751042,SOL,101.0454,-0.0009610193924222132
2024-01-01 00:00:39.500697,SOL,100.9735,-0.0016718969059525968
2024-01-01 00:00:41.251234,SOL,100.9978,-0.0014316420578470712
2024-01-01 00:00:45.250845,SOL,101.0283,-0.001130087618866793
2024-01-01 00:00:45.501467,SOL,101.0081,-0.0013298056407488046
2024-01-01 00:00:45.751434,SOL,101.0081,-0.0013298056407488046
