minute,symbol,effective_spread_bps
2024-01-01 00:00:00,BTC,1.999997647052226
2024-01-01 00:00:00,ETH,1.9999743500298384
2024-01-01 00:00:00,SOL,2.0013035727117443
2024-01-01 00:01:00,BTC,1.9999984462141032
2024-01-01 00:01:00,ETH,2.000007093815652
2024-01-01 00:01:00,SOL,1.9999814282320052
2024-01-01 00:02:00,BTC,2.000001075235581
2024-01-01 00:02:00,ETH,2.000009522890192
2024-01-01 00:02:00,SOL,2.0006848199451057
2024-01-01 00:03:00,BTC,1.9999941448049823
2024-01-01 00:03:00,ETH,2.0000552566111476
2024-01-01 00:03:00,SOL,2.0026456843668807
2024-01-01 00:04:00,BTC,2.00000883134448
2024-01-01 00:04:00,ETH,1.9999983965719954
2024-01-01 00:04:00,SOL,2.001421326220616
2024-01-01 00:05:00,BTC,1.9999993031103023
2024-01-01 00:05:00,ETH,2.0000713982132554
2024-01-01 00:05:00,SOL,1.9990791030869088
2024-01-01 00:06:00,BTC,1.9999991573577152
2024-01-01 00:06:00,ETH,2.0001135144821722
2024-01-01 00:06:00,SOL,2.0003240551359833
2024-01-01 00:07:00,BTC,2.000001488652186
2024-01-01 00:07:00,ETH,2.0000572939614525
2024-01-01 00:07:00,SOL,2.0011440457907375
2024-01-01 00:08:00,BTC,1.9999979583075715
2024-01-01 00:08:00,ETH,2.000019898795699
2024-01-01 00:08:00,SOL,2.0014099728454293
2024-01-01 00:09:00,BTC,1.9999989421388604
2024-01-01 00:09:00,ETH,2.00001135668887
2024-01-01 00:09:00,SOL,2.0003078709117057
2024-01-01 00:10:00,BTC,2.000003375439206
2024-01-01 00:10:00,ETH,1.9999376068990597
2024-01-01 00:10:00,SOL,2.0014440979406163
2024-01-01 00:11:00,BTC,2.0000038644154903
2024-01-01 00:11:00,ETH,2.000005254989002
2024-01-01 00:11:00,SOL,1.99998018638259
2024-01-01 00:12:00,BTC,1.9999983140170097
2024-01-01 00:12:00,ETH,1.9999658975717214
2024-01-01 00:12:00,SOL,1.99856463800457
2024-01-01 00:13:00,BTC,1.9999991782854594
2024-01-01 00:13:00,ETH,1.999947221016713
2024-01-01 00:13:00,SOL,1.9986506274826812
2024-01-01 00:14:00,BTC,1.9999906806673258
2024-01-01 00:14:00,ETH,1.9999836319932176
2024-01-01 00:14:00,SOL,1.9968805804270409
2024-01-01 00:15:00,BTC,1.999996250664448
2024-01-01 00:15:00,ETH,2.0000214587468914
2024-01-01 00:15:00,SOL,2.001439608660175
2024-01-01 00:16:00,BTC,1.999994277400671
2024-01-01 00:16:00,ETH,2.000000049226432
2024-01-01 00:16:00,SOL,2.0015574928455875
2024-01-01 00:17:00,BTC,1.9999982842582142
2024-01-01 00:17:00,ETH,2.0000166694544323
2024-01-01 00:17:00,SOL,1.9999788332823512
2024-01-01 00:18:00,BTC,1.9999969099521653
2024-01-01 00:18:00,ETH,2.000122155774547
2024-01-01 00:18:00,SOL,2.000417237595283
2024-01-01 00:19:00,BTC,2.000001358552111
2024-01-01 00:19:00,ETH,1.9999638269101114
2024-01-01 00:19:00,SOL,1.9984164871578334
2024-01-01 00:20:00,BTC,1.9999961723730746
2024-01-01 00:20:00,ETH,2.0000312314614974
2024-01-01 00:20:00,SOL,2.000022834759888
2024-01-01 00:21:00,BTC,1.9999959054841965
2024-01-01 00:21:00,ETH,1.99996613711668
2024-01-01 00:21:00,SOL,2.0006157408922305
2024-01-01 00:22:00,BTC,1.999991511427026
2024-01-01 00:22:00,ETH,2.0000030565961566
2024-01-01 00:22:00,SOL,1.9999402762673757
2024-01-01 00:23:00,BTC,2.0000018763982075
2024-01-01 00:23:00,ETH,1.9999835970923
2024-01-01 00:23:00,SOL,2.000985786945543
2024-01-01 00:24:00,BTC,1.9999994252615432
2024-01-01 00:24:00,ETH,1.9999991698260737
2024-01-01 00:24:00,SOL,2.000940395355914
2024-01-01 00:25:00,BTC,2.0000001761285335
2024-01-01 00:25:00,ETH,2.000078914845793
2024-01-01 00:25:00,SOL,2.001496073991692
2024-01-01 00:26:00,BTC,2.0000046282568067
2024-01-01 00:26:00,ETH,2.000115769885249
2024-01-01 00:26:00,SOL,1.9996498652014154
2024-01-01 00:27:00,BTC,1.9999987760350104
2024-01-01 00:27:00,ETH,2.0000308074993822
2024-01-01 00:27:00,SOL,2.0005962208921924
2024-01-01 00:28:00,BTC,1.9999931469591523
2024-01-01 00:28:00,ETH,1.9998984051988582
2024-01-01 00:28:00,SOL,1.9990146172863663
2024-01-01 00:29:00,BTC,2.0000002801907626
2024-01-01 00:29:00,ETH,2.000041805693588
2024-01-01 00:29:00,SOL,1.9970665078307137
