user_id,first_seen,last_seen,events,bought
u086,2024-01-01 06:09:30,2024-01-01 06:25:58,3,false
u040,2024-01-01 06:20:08,2024-01-01 06:30:42,3,false
u022,2024-01-01 06:30:05,2024-01-01 06:51:53,4,false
u018,2024-01-01 06:30:30,2024-01-01 06:42:39,2,false
u119,2024-01-01 06:48:03,2024-01-01 07:00:09,3,true
u085,2024-01-01 07:57:09,2024-01-01 08:04:49,2,false
u101,2024-01-01 07:58:49,2024-01-01 08:13:26,2,false
u107,2024-01-01 08:20:18,2024-01-01 08:46:01,4,true
u100,2024-01-01 08:21:58,2024-01-01 08:40:29,4,false
u048,2024-01-01 08:25:22,2024-01-01 08:25:22,1,false
