minute,symbol,buy_volume,sell_volume,net_flow
2024-01-01 00:00:00,BTC,6.4749,11.724200000000002,-5.249299999999998
2024-01-01 00:00:00,ETH,15.833400000000003,11.9421,3.8913
2024-01-01 00:00:00,SOL,8.7603,9.1645,-0.4041999999999999
2024-01-01 00:01:00,BTC,12.843200000000001,10.383099999999999,2.4600999999999993
2024-01-01 00:01:00,ETH,5.2763,7.0293,-1.7530000000000001
2024-01-01 00:01:00,SOL,6.463999999999999,11.247200000000001,-4.783199999999999
2024-01-01 00:02:00,BTC,8.5197,9.2892,-0.7695000000000002
2024-01-01 00:02:00,ETH,4.252800000000001,10.1046,-5.851799999999999
2024-01-01 00:02:00,SOL,5.4127,11.1743,-5.7616000000000005
2024-01-01 00:03:00,BTC,8.655999999999999,9.333400000000001,-0.6774000000000002
2024-01-01 00:03:00,ETH,12.038199999999998,7.4753,4.562899999999999
2024-01-01 00:03:00,SOL,8.7654,15.1877,-6.422299999999999
2024-01-01 00:04:00,BTC,11.9363,8.127,3.8093000000000004
2024-01-01 00:04:00,ETH,8.033900000000001,8.129800000000001,-0.09589999999999999
2024-01-01 00:04:00,SOL,14.626399999999999,8.9579,5.668500000000002
2024-01-01 00:05:00,BTC,12.983199999999998,12.495500000000003,0.4876999999999998
2024-01-01 00:05:00,ETH,14.1242,8.9931,5.1311
2024-01-01 00:05:00,SOL,6.842299999999999,10.897300000000001,-4.055
2024-01-01 00:06:00,BTC,13.4584,7.1706,6.287799999999999
2024-01-01 00:06:00,ETH,7.557800000000001,10.198100000000002,-2.6403
2024-01-01 00:06:00,SOL,8.9393,11.969199999999999,-3.029899999999999
2024-01-01 00:07:00,BTC,6.2115,9.5452,-3.3337
2024-01-01 00:07:00,ETH,11.0891,11.6597,-0.5705999999999996
2024-01-01 00:07:00,SOL,9.3023,4.337,4.9653
2024-01-01 00:08:00,BTC,10.1461,6.0412,4.1049000000000015
2024-01-01 00:08:00,ETH,14.071700000000002,12.595000000000002,1.4767000000000003
2024-01-01 00:08:00,SOL,10.499600000000001,8.306099999999999,2.1935
2024-01-01 00:09:00,BTC,6.3408999999999995,13.7256,-7.3847000000000005
2024-01-01 00:09:00,ETH,13.059199999999999,12.1724,0.8867999999999991
2024-01-01 00:09:00,SOL,14.9639,10.9605,4.0034
2024-01-01 00:10:00,BTC,4.6713000000000005,3.6098999999999997,1.0614000000000001
2024-01-01 00:10:00,ETH,3.2153,14.309400000000002,-11.094100000000003
2024-01-01 00:10:00,SOL,7.1594999999999995,12.543499999999998,-5.384
2024-01-01 00:11:00,BTC,6.7384,3.3906,3.3478000000000008
2024-01-01 00:11:00,ETH,5.7055,9.551499999999999,-3.846000000000001
2024-01-01 00:11:00,SOL,9.6605,10.6512,-0.9907000000000007
2024-01-01 00:12:00,BTC,10.259600000000002,4.0673,6.1923
2024-01-01 00:12:00,ETH,13.225599999999996,8.251,4.9746000000000015
2024-01-01 00:12:00,SOL,7.507000000000001,5.7241,1.7828999999999997
2024-01-01 00:13:00,BTC,11.669500000000001,9.337,2.3325
2024-01-01 00:13:00,ETH,6.379,3.1057,3.2733
2024-01-01 00:13:00,SOL,8.179499999999999,8.623999999999999,-0.4445000000000003
2024-01-01 00:14:00,BTC,15.672699999999999,9.631699999999999,6.041
2024-01-01 00:14:00,ETH,13.133,9.352799999999998,3.7802
2024-01-01 00:14:00,SOL,10.091999999999999,14.6193,-4.527299999999999
2024-01-01 00:15:00,BTC,12.628499999999999,7.923300000000001,4.7052000000000005
2024-01-01 00:15:00,ETH,11.2321,9.6372,1.5949000000000004
2024-01-01 00:15:00,SOL,10.141700000000002,14.9743,-4.8326
2024-01-01 00:16:00,BTC,7.409700000000001,5.6652,1.7444999999999997
2024-01-01 00:16:00,ETH,10.2548,5.6288,4.626000000000001
2024-01-01 00:16:00,SOL,11.664299999999997,13.775,-2.1106999999999996
2024-01-01 00:17:00,BTC,8.799100000000001,4.8694999999999995,3.929599999999998
2024-01-01 00:17:00,ETH,6.9601,3.8277,3.1324
2024-01-01 00:17:00,SOL,6.541500000000001,7.5207999999999995,-0.9792999999999998
2024-01-01 00:18:00,BTC,12.3736,15.8955,-3.521899999999999
2024-01-01 00:18:00,ETH,6.7818000000000005,11.337700000000002,-4.5559
2024-01-01 00:18:00,SOL,9.3138,10.4121,-1.0983
2024-01-01 00:19:00,BTC,6.178999999999999,7.1697,-0.9906999999999999
2024-01-01 00:19:00,ETH,10.986700000000003,14.066,-3.0793000000000013
2024-01-01 00:19:00,SOL,4.9704,3.0574999999999997,1.9129000000000003
2024-01-01 00:20:00,BTC,9.0525,5.3437,3.708799999999999
2024-01-01 00:20:00,ETH,8.441,9.6689,-1.2279
2024-01-01 00:20:00,SOL,9.506,8.5665,0.9395000000000004
2024-01-01 00:21:00,BTC,7.603000000000001,4.8107999999999995,2.7921999999999993
2024-01-01 00:21:00,ETH,10.6155,8.6903,1.9251999999999996
2024-01-01 00:21:00,SOL,8.4598,16.3599,-7.900099999999998
2024-01-01 00:22:00,BTC,10.6421,7.2919,3.3502000000000005
2024-01-01 00:22:00,ETH,10.6155,12.380299999999998,-1.7648000000000001
2024-01-01 00:22:00,SOL,11.103600000000002,18.073999999999998,-6.9704
2024-01-01 00:23:00,BTC,6.908799999999999,6.613,0.2957999999999999
2024-01-01 00:23:00,ETH,5.2311,10.2602,-5.029100000000001
2024-01-01 00:23:00,SOL,5.2185,7.136900000000002,-1.9183999999999994
2024-01-01 00:24:00,BTC,5.292700000000001,13.851300000000002,-8.558599999999998
2024-01-01 00:24:00,ETH,2.6959000000000004,15.953800000000001,-13.257900000000003
2024-01-01 00:24:00,SOL,8.4961,8.898299999999999,-0.40220000000000056
2024-01-01 00:25:00,BTC,6.0247,12.5213,-6.496599999999999
2024-01-01 00:25:00,ETH,10.924,6.468699999999999,4.455299999999999
2024-01-01 00:25:00,SOL,8.010299999999999,9.6792,-1.6688999999999994
2024-01-01 00:26:00,BTC,5.9407,9.8145,-3.873799999999999
2024-01-01 00:26:00,ETH,10.817499999999999,4.172499999999999,6.645000000000001
2024-01-01 00:26:00,SOL,8.900599999999999,12.171299999999999,-3.2707000000000024
2024-01-01 00:27:00,BTC,9.9617,8.571100000000001,1.3905999999999994
2024-01-01 00:27:00,ETH,13.347299999999999,7.432499999999999,5.9148000000000005
2024-01-01 00:27:00,SOL,15.0495,11.6763,3.3731999999999984
2024-01-01 00:28:00,BTC,4.615399999999999,16.7252,-12.1098
2024-01-01 00:28:00,ETH,9.2806,6.9048,2.3758000000000004
2024-01-01 00:28:00,SOL,9.5902,6.6609,2.929300000000001
2024-01-01 00:29:00,BTC,4.9105,5.859500000000001,-0.9490000000000004
2024-01-01 00:29:00,ETH,8.921000000000001,8.0493,0.8716999999999994
2024-01-01 00:29:00,SOL,10.292099999999998,4.8618,5.430300000000001
