minute,symbol,close,volume,trades
2024-01-01 00:00:00,SOL,101.0638,3.7015,1
2024-01-01 00:01:00,SOL,100.4025,7.646000000000001,3
2024-01-01 00:02:00,SOL,99.8241,6.2293,2
2024-01-01 00:03:00,SOL,99.9917,2.2971,1
2024-01-01 00:04:00,SOL,100.1064,7.418099999999999,3
2024-01-01 00:05:00,SOL,100.1581,4.634399999999999,2
2024-01-01 00:06:00,SOL,100.3749,4.1982,2
2024-01-01 00:07:00,SOL,100.3749,0.0,NULL
2024-01-01 00:08:00,SOL,99.9009,2.2302,1
2024-01-01 00:09:00,SOL,99.1869,4.3129,2
2024-01-01 00:10:00,SOL,99.1869,0.0,NULL
2024-01-01 00:11:00,SOL,98.9433,4.3438,2
2024-01-01 00:12:00,SOL,98.9433,0.0,NULL
2024-01-01 00:13:00,SOL,98.4611,2.932,1
2024-01-01 00:14:00,SOL,98.274,5.5793,2
2024-01-01 00:15:00,SOL,98.4253,8.2318,3
2024-01-01 00:16:00,SOL,98.3624,5.3956,2
2024-01-01 00:17:00,SOL,98.3624,0.0,NULL
2024-01-01 00:18:00,SOL,98.5426,3.3465,1
2024-01-01 00:19:00,SOL,98.5426,0.0,NULL
2024-01-01 00:20:00,SOL,98.5426,0.0,NULL
2024-01-01 00:21:00,SOL,97.9103,11.2685,4
2024-01-01 00:22:00,SOL,97.5183,9.636700000000001,4
2024-01-01 00:23:00,SOL,97.5183,0.0,NULL
2024-01-01 00:24:00,SOL,96.3493,4.9772,1
2024-01-01 00:25:00,SOL,96.9989,2.3418,1
2024-01-01 00:26:00,SOL,96.9989,0.0,NULL
2024-01-01 00:27:00,SOL,97.3019,4.207800000000001,2
2024-01-01 00:28:00,SOL,97.6319,2.317,1
2024-01-01 00:29:00,SOL,97.6206,2.4516,1
