minute_of_hour,trades,volume
0,97,63.8994
1,72,53.2431
2,76,48.7533
3,83,61.455999999999996
4,97,59.8113
5,99,66.33560000000001
6,99,59.2934
7,87,52.144799999999975
8,91,61.659699999999994
9,92,71.22250000000001
10,81,45.50889999999999
11,73,45.69770000000001
12,87,49.034600000000005
13,73,47.29469999999998
14,96,72.5015
15,96,66.53710000000001
16,94,54.397800000000025
17,77,38.518700000000024
18,92,66.1145
19,74,46.42930000000001
20,84,50.578599999999994
21,83,56.53929999999999
22,89,70.10739999999996
23,71,41.3685
24,84,55.1881
25,85,53.628199999999985
26,85,51.81710000000001
27,107,66.03840000000002
28,80,53.77709999999999
29,61,42.89420000000001
