ts,symbol,size,avg_size,ratio
2024-01-01 00:09:06.750755,ETH,5.7352,0.6352293122886138,9.028550617944777
2024-01-01 00:24:59.501341,SOL,4.9772,0.6846318448883674,7.269892625008638
2024-01-01 00:22:14.501425,ETH,4.1761,0.6352293122886138,6.574161360649879
2024-01-01 00:08:21.001361,ETH,3.9946,0.6352293122886138,6.288437769989226
2024-01-01 00:05:48.000538,ETH,3.9903,0.6352293122886138,6.28166856095429
2024-01-01 00:01:30.501215,BTC,3.8333,0.6356961305925031,6.030082323180349
2024-01-01 00:28:41.751288,BTC,3.8315,0.6356961305925031,6.027250781641278
2024-01-01 00:02:01.751417,BTC,3.7482,0.6356961305925031,5.896213331527558
2024-01-01 00:15:42.251156,SOL,3.9737,0.6846318448883674,5.804141349352412
2024-01-01 00:00:01.751097,SOL,3.7015,0.6846318448883674,5.406555402931261
2024-01-01 00:14:51.500950,ETH,3.4057,0.6352293122886138,5.361370979134908
2024-01-01 00:22:08.750612,BTC,3.3426,0.6356961305925031,5.258172638056672
2024-01-01 00:13:37.001445,BTC,3.3204,0.6356961305925031,5.223250292408117
2024-01-01 00:27:42.500633,ETH,3.162,0.6352293122886138,4.977729992666583
2024-01-01 00:02:16.501285,ETH,3.1193,0.6352293122886138,4.910510172715013
2024-01-01 00:14:38.250574,SOL,3.3536,0.6846318448883674,4.898399081256323
2024-01-01 00:18:54.000598,SOL,3.3465,0.6846318448883674,4.888028544079283
2024-01-01 00:08:00.001270,BTC,3.1029,0.6356961305925031,4.881105689770252
2024-01-01 00:05:23.751311,ETH,3.0876,0.6352293122886138,4.860606934015605
2024-01-01 00:03:11.750725,ETH,3.0399,0.6352293122886138,4.785515940767598
