minute,device,p50,p99,worst
2024-01-01 00:00:00,a,20.96,46.4817,46.97
2024-01-01 00:00:00,b,21.945,46.67689999999999,47.91
2024-01-01 00:01:00,a,22.3,54.59709999999998,57.24
2024-01-01 00:01:00,b,22.035,39.686,40.18
2024-01-01 00:02:00,a,24.585,58.155199999999994,59.47
2024-01-01 00:02:00,b,19.67,51.85589999999999,54.02
2024-01-01 00:03:00,a,20.200000000000003,59.43309999999999,60.48
2024-01-01 00:03:00,b,19.130000000000003,61.97549999999999,64.17
2024-01-01 00:04:00,a,19.07,65.38239999999999,67.86
2024-01-01 00:04:00,b,23.39,67.32279999999999,70.15
2024-01-01 00:05:00,a,27.265,61.073699999999974,65.59
2024-01-01 00:05:00,b,24.08,60.313899999999975,63.96
2024-01-01 00:06:00,a,12.71,32.705899999999986,34.11
2024-01-01 00:06:00,b,18.46,62.87099999999999,64.6
2024-01-01 00:07:00,a,19.565,98.54879999999993,109.28
2024-01-01 00:07:00,b,26.895,82.32209999999995,90.0
2024-01-01 00:08:00,a,26.494999999999997,62.438900000000004,62.76
2024-01-01 00:08:00,b,24.020000000000003,54.15569999999997,58.9
2024-01-01 00:09:00,a,22.025,101.92169999999999,102.98
2024-01-01 00:09:00,b,19.87,49.18749999999997,52.37
2024-01-01 00:10:00,a,25.325000000000003,92.11429999999993,102.0
2024-01-01 00:11:00,a,18.795,75.86129999999999,78.28
2024-01-01 00:12:00,a,19.925,40.0119,40.77
2024-01-01 00:13:00,a,16.35,53.97049999999998,57.21
2024-01-01 00:13:00,b,18.25,45.44840000000001,45.95
2024-01-01 00:14:00,a,18.380000000000003,34.02669999999999,35.18
2024-01-01 00:14:00,b,18.14,53.66889999999999,56.27
2024-01-01 00:15:00,a,27.64,67.43649999999997,73.45
2024-01-01 00:15:00,b,23.28,80.27819999999994,87.16
2024-01-01 00:16:00,a,16.555,37.41099999999999,39.33
2024-01-01 00:16:00,b,21.240000000000002,48.02419999999999,48.94
2024-01-01 00:17:00,a,19.92,76.86789999999995,85.53
2024-01-01 00:17:00,b,22.81,66.87759999999997,70.48
2024-01-01 00:18:00,a,17.46,96.45439999999994,105.43
2024-01-01 00:18:00,b,24.674999999999997,67.27629999999998,70.55
2024-01-01 00:19:00,a,16.564999999999998,58.23609999999998,61.43
2024-01-01 00:19:00,b,26.54,110.86879999999991,123.12
2024-01-01 00:20:00,a,20.244999999999997,42.697599999999994,43.26
2024-01-01 00:20:00,b,26.34,55.605000000000004,56.27
2024-01-01 00:21:00,a,19.125,71.17319999999998,73.78
2024-01-01 00:21:00,b,20.39,66.6634,66.88
2024-01-01 00:22:00,a,19.72,49.6849,50.5
2024-01-01 00:22:00,b,18.415,42.06109999999999,43.83
2024-01-01 00:23:00,a,16.11,53.49809999999998,56.16
2024-01-01 00:23:00,b,22.02,45.98389999999999,47.54
2024-01-01 00:24:00,a,18.07,56.07219999999999,58.09
2024-01-01 00:24:00,b,20.345,82.29979999999995,90.2
2024-01-01 00:25:00,a,23.65,85.94799999999998,87.05
2024-01-01 00:25:00,b,22.630000000000003,59.646699999999996,60.42
2024-01-01 00:26:00,a,21.765,77.30169999999997,82.54
2024-01-01 00:26:00,b,22.06,65.699,67.2
2024-01-01 00:27:00,a,22.505000000000003,78.34209999999997,81.84
2024-01-01 00:27:00,b,18.75,51.959599999999966,56.55
2024-01-01 00:28:00,a,19.445,87.1813,87.89
2024-01-01 00:28:00,b,17.835,43.92279999999998,46.37
2024-01-01 00:29:00,a,26.11,80.88549999999995,88.59
2024-01-01 00:29:00,b,17.310000000000002,32.1488,32.24
