ts,symbol,price,next_price,ms_to_next
2024-01-01 00:00:00.001154,ETH,2300.23,2299.1159,499.505
2024-01-01 00:00:00.500659,ETH,2299.1159,2299.2238,2000.384
2024-01-01 00:00:00.750696,BTC,42004.1925,41998.1544,1250.345
2024-01-01 00:00:01.751097,SOL,101.0638,101.0837,3249.938
2024-01-01 00:00:02.001041,BTC,41998.1544,42010.7049,3999.61
2024-01-01 00:00:02.501043,ETH,2299.2238,2295.4125,1499.651
2024-01-01 00:00:04.000694,ETH,2295.4125,2296.0576,500.375
2024-01-01 00:00:04.501069,ETH,2296.0576,2294.5451,1499.582
2024-01-01 00:00:05.001035,SOL,101.0837,101.1153,249.567
2024-01-01 00:00:05.250602,SOL,101.1153,101.1426,1500.319
2024-01-01 00:00:06.000651,BTC,42010.7049,42015.8896,1500.469
2024-01-01 00:00:06.000651,ETH,2294.5451,2296.3303,3500.085
2024-01-01 00:00:06.750921,SOL,101.1426,101.1336,3500.076
2024-01-01 00:00:07.501120,BTC,42015.8896,42015.8896,249.581
2024-01-01 00:00:07.750701,BTC,42015.8896,41969.9372,4500.328
2024-01-01 00:00:09.500736,ETH,2296.3303,2296.7896,249.784
2024-01-01 00:00:09.750520,ETH,2296.7896,2296.7896,500.477
2024-01-01 00:00:10.250997,ETH,2296.7896,2296.3303,249.837
2024-01-01 00:00:10.250997,SOL,101.1336,101.0084,3250.312
2024-01-01 00:00:10.500834,ETH,2296.3303,2298.452,2750.548
