minute,symbol,open,high,low,close,volume,trades
2024-01-01 00:00:00,BTC,42004.1925,42015.8896,41780.2397,41780.2397,18.19910000000001,32
2024-01-01 00:00:00,ETH,2300.23,2305.1513,2294.5451,2304.9286,27.7755,37
2024-01-01 00:00:00,SOL,101.0638,101.1426,100.8715,100.9261,17.924799999999998,28
2024-01-01 00:01:00,BTC,41801.9904,42015.3878,41791.0361,41972.0465,23.226300000000002,26
2024-01-01 00:01:00,ETH,2308.5321,2312.4965,2298.8845,2299.6065,12.3056,22
2024-01-01 00:01:00,SOL,100.8358,100.8358,100.0006,100.0006,17.7112,24
2024-01-01 00:02:00,BTC,41971.2985,42055.1659,41808.077,41808.077,17.8089,26
2024-01-01 00:02:00,ETH,2300.7551,2308.3569,2296.7772,2307.5647,14.357400000000002,29
2024-01-01 00:02:00,SOL,100.1061,100.1116,99.5629,99.8885,16.586999999999996,21
2024-01-01 00:03:00,BTC,41793.302,42021.7308,41793.302,41974.8713,17.9894,23
2024-01-01 00:03:00,ETH,2305.4759,2305.6118,2292.6671,2292.6671,19.5135,30
2024-01-01 00:03:00,SOL,99.8523,100.1581,99.6965,99.6965,23.953100000000006,30
2024-01-01 00:04:00,BTC,41989.8287,42015.2305,41821.2303,41933.8837,20.0633,32
2024-01-01 00:04:00,ETH,2291.8515,2296.9258,2282.7947,2293.0111,16.163700000000002,36
2024-01-01 00:04:00,SOL,99.5386,100.2064,99.5386,100.1441,23.5843,29
2024-01-01 00:05:00,BTC,41937.8301,41955.3313,41799.827,41955.3313,25.4787,40
2024-01-01 00:05:00,ETH,2294.3512,2294.3512,2282.9398,2282.9398,23.1173,33
2024-01-01 00:05:00,SOL,100.0977,100.2874,100.0977,100.2874,17.739600000000003,26
2024-01-01 00:06:00,BTC,41979.8169,42177.1607,41927.9846,42144.8539,20.628999999999998,35
2024-01-01 00:06:00,ETH,2283.8427,2294.7483,2283.8427,2294.7483,17.7559,30
2024-01-01 00:06:00,SOL,100.2284,100.5172,100.0241,100.0996,20.908500000000004,34
2024-01-01 00:07:00,BTC,42076.8201,42290.2142,42044.72,42260.7622,15.756699999999997,23
2024-01-01 00:07:00,ETH,2293.8398,2303.7798,2285.9591,2303.5893,22.7488,35
2024-01-01 00:07:00,SOL,100.0996,100.1823,99.8282,99.8363,13.639299999999999,29
2024-01-01 00:08:00,BTC,42262.0737,42327.9841,42131.885,42312.5768,16.1873,25
2024-01-01 00:08:00,ETH,2303.6003,2305.1032,2296.5923,2296.5923,26.666699999999995,36
2024-01-01 00:08:00,SOL,99.8905,99.9879,99.5422,99.5953,18.8057,30
2024-01-01 00:09:00,BTC,42355.7179,42413.7158,42300.3029,42300.6444,20.066499999999998,31
2024-01-01 00:09:00,ETH,2296.5923,2296.8418,2289.5044,2296.8418,25.231599999999997,30
2024-01-01 00:09:00,SOL,99.5872,99.6803,99.1791,99.3189,25.924400000000002,31
2024-01-01 00:10:00,BTC,42316.4181,42316.4181,42098.766,42195.6908,8.2812,23
2024-01-01 00:10:00,ETH,2297.407,2298.2486,2288.3977,2291.1946,17.524700000000003,25
2024-01-01 00:10:00,SOL,99.32,99.4413,99.1536,99.1708,19.703,33
2024-01-01 00:11:00,BTC,42170.0111,42233.025,42092.4814,42097.674,10.129000000000001,23
2024-01-01 00:11:00,ETH,2289.2739,2296.6176,2287.7459,2289.3482,15.257000000000001,22
2024-01-01 00:11:00,SOL,99.3036,99.3175,98.8421,99.158,20.3117,28
2024-01-01 00:12:00,BTC,42125.4562,42172.065,41993.9484,42087.7185,14.326900000000002,28
2024-01-01 00:12:00,ETH,2289.0141,2294.856,2286.2678,2286.2678,21.476599999999998,34
2024-01-01 00:12:00,SOL,99.0186,99.2022,98.8347,98.8347,13.231100000000001,25
2024-01-01 00:13:00,BTC,42076.7215,42194.3833,42041.8131,42113.9756,21.0065,28
2024-01-01 00:13:00,ETH,2288.0072,2295.8088,2288.0072,2292.2617,9.484699999999998,18
2024-01-01 00:13:00,SOL,98.8207,98.8207,98.2909,98.3234,16.8035,27
2024-01-01 00:14:00,BTC,42118.1229,42180.7427,41955.8953,42180.7427,25.304399999999998,31
2024-01-01 00:14:00,ETH,2289.2108,2298.0427,2288.9255,2298.0427,22.4858,31
2024-01-01 00:14:00,SOL,98.2788,98.6321,98.1304,98.4217,24.711299999999998,34
2024-01-01 00:15:00,BTC,42206.757,42432.6294,42170.8544,42382.8005,20.5518,30
2024-01-01 00:15:00,ETH,2294.4473,2294.9062,2286.5366,2290.5454,20.869300000000003,31
2024-01-01 00:15:00,SOL,98.4204,98.6006,98.3293,98.383,25.116,35
2024-01-01 00:16:00,BTC,42239.4785,42343.6771,42221.9661,42251.7578,13.0749,22
2024-01-01 00:16:00,ETH,2291.2934,2304.3347,2289.6874,2300.9223,15.8836,36
2024-01-01 00:16:00,SOL,98.3614,98.4741,98.1757,98.4728,25.4393,36
2024-01-01 00:17:00,BTC,42209.6114,42272.0766,42204.2363,42224.6827,13.668599999999998,30
2024-01-01 00:17:00,ETH,2306.091,2310.8955,2301.0785,2303.8347,10.787799999999999,23
2024-01-01 00:17:00,SOL,98.4208,98.8405,98.4208,98.7231,14.0623,24
2024-01-01 00:18:00,BTC,42248.0066,42352.4726,42193.1973,42214.1028,28.2691,39
2024-01-01 00:18:00,ETH,2304.5446,2306.0617,2299.0613,2304.7295,18.119500000000002,24
2024-01-01 00:18:00,SOL,98.7233,98.7233,98.4064,98.5742,19.725899999999996,29
2024-01-01 00:19:00,BTC,42256.9329,42388.7313,42218.758,42358.2304,13.348700000000003,24
2024-01-01 00:19:00,ETH,2301.0599,2306.0259,2299.5148,2304.1906,25.05269999999999,31
2024-01-01 00:19:00,SOL,98.6051,98.7644,98.3777,98.4401,8.027899999999999,19
2024-01-01 00:20:00,BTC,42396.9012,42743.5604,42353.0388,42743.5604,14.396200000000002,25
2024-01-01 00:20:00,ETH,2304.59,2318.1141,2302.406,2313.6768,18.1099,30
2024-01-01 00:20:00,SOL,98.3458,98.3493,97.8595,98.0974,18.0725,29
2024-01-01 00:21:00,BTC,42661.7635,42675.6095,42507.8637,42580.2573,12.413800000000002,26
2024-01-01 00:21:00,ETH,2312.2674,2327.4954,2312.2674,2327.4415,19.3058,33
2024-01-01 00:21:00,SOL,98.1327,98.1327,97.8127,97.8593,24.8197,24
2024-01-01 00:22:00,BTC,42622.1274,42639.1281,42510.6977,42523.3456,17.934,24
2024-01-01 00:22:00,ETH,2327.5995,2330.0484,2311.1178,2315.0418,22.9958,32
2024-01-01 00:22:00,SOL,97.9132,97.9132,97.0905,97.1016,29.177599999999998,33
2024-01-01 00:23:00,BTC,42482.0397,42482.0397,42229.5838,42316.4378,13.521800000000004,22
2024-01-01 00:23:00,ETH,2315.2447,2316.8197,2308.9906,2309.5709,15.491299999999999,26
2024-01-01 00:23:00,SOL,97.0078,97.2411,96.8314,96.8984,12.3554,23
2024-01-01 00:24:00,BTC,42278.1616,42305.4742,42135.0339,42305.4742,19.143999999999995,31
2024-01-01 00:24:00,ETH,2310.3145,2318.5771,2304.2504,2304.2504,18.649700000000003,28
2024-01-01 00:24:00,SOL,96.8485,96.8485,96.3493,96.3493,17.3944,25
2024-01-01 00:25:00,BTC,42305.4742,42434.0665,42217.839,42263.8757,18.546,28
2024-01-01 00:25:00,ETH,2304.3373,2311.4387,2303.3127,2305.9409,17.392699999999998,32
2024-01-01 00:25:00,SOL,96.5973,97.0011,96.5488,96.9124,17.689499999999992,25
2024-01-01 00:26:00,BTC,42260.3019,42545.5404,42251.0861,42471.6206,15.755200000000002,23
2024-01-01 00:26:00,ETH,2306.7496,2312.5563,2297.7016,2301.6609,14.989999999999997,27
2024-01-01 00:26:00,SOL,96.8235,97.2085,96.8087,97.1542,21.071899999999992,35
2024-01-01 00:27:00,BTC,42466.7391,42507.6042,42307.4898,42507.6042,18.5328,27
2024-01-01 00:27:00,ETH,2304.0583,2305.4289,2290.4376,2291.8809,20.779799999999994,39
2024-01-01 00:27:00,SOL,97.1369,97.5208,97.1305,97.4519,26.725800000000007,41
2024-01-01 00:28:00,BTC,42485.9673,42502.6808,42417.8484,42420.9732,21.340600000000002,30
2024-01-01 00:28:00,ETH,2291.2133,2306.5371,2291.2133,2302.7956,16.185399999999998,24
2024-01-01 00:28:00,SOL,97.4665,97.7786,97.3697,97.4947,16.251099999999997,26
2024-01-01 00:29:00,BTC,42447.2533,42502.7016,42270.4869,42397.2663,10.77,20
2024-01-01 00:29:00,ETH,2304.9507,2309.7965,2303.5603,2309.0747,16.9703,23
2024-01-01 00:29:00,SOL,97.5386,97.8069,97.3887,97.7118,15.153899999999998,18
