minute,BTC,ETH,SOL
2024-01-01 00:00:00,41780.2397,2304.9286,100.9261
2024-01-01 00:01:00,41972.0465,2299.6065,100.0006
2024-01-01 00:02:00,41808.077,2307.5647,99.8885
2024-01-01 00:03:00,41974.8713,2292.6671,99.6965
2024-01-01 00:04:00,41933.8837,2293.0111,100.1441
2024-01-01 00:05:00,41955.3313,2282.9398,100.2874
2024-01-01 00:06:00,42144.8539,2294.7483,100.0996
2024-01-01 00:07:00,42260.7622,2303.5893,99.8363
2024-01-01 00:08:00,42312.5768,2296.5923,99.5953
2024-01-01 00:09:00,42300.6444,2296.8418,99.3189
