ts,symbol,price,quotes,avg_spread_bps
2024-01-01 00:00:00.001154,ETH,2300.23,0,NULL
2024-01-01 00:00:00.500659,ETH,2299.1159,2,2.0488342937884108
2024-01-01 00:00:00.750696,BTC,42004.1925,2,1.5194627127640714
2024-01-01 00:00:01.751097,SOL,101.0638,3,2.0586906776983906
2024-01-01 00:00:02.001041,BTC,41998.1544,1,2.1064533317702225
2024-01-01 00:00:02.501043,ETH,2299.2238,1,2.2779529280611426
2024-01-01 00:00:04.000694,ETH,2295.4125,3,1.6853913605944633
2024-01-01 00:00:04.501069,ETH,2296.0576,3,1.5069440475677913
2024-01-01 00:00:05.001035,SOL,101.0837,0,NULL
2024-01-01 00:00:05.250602,SOL,101.1153,1,2.224959196721296
2024-01-01 00:00:06.000651,BTC,42010.7049,3,1.9021571377475757
2024-01-01 00:00:06.000651,ETH,2294.5451,2,1.4180298929926005
2024-01-01 00:00:06.750921,SOL,101.1426,0,NULL
2024-01-01 00:00:07.501120,BTC,42015.8896,1,2.641069920943054
2024-01-01 00:00:07.750701,BTC,42015.8896,1,2.641069920943054
2024-01-01 00:00:09.500736,ETH,2296.3303,4,2.261830137286794
2024-01-01 00:00:09.750520,ETH,2296.7896,4,2.261830137286794
2024-01-01 00:00:10.250997,ETH,2296.7896,1,1.8296931062111266
2024-01-01 00:00:10.250997,SOL,101.1336,1,2.2843366202398605
2024-01-01 00:00:10.500834,ETH,2296.3303,0,NULL
2024-01-01 00:00:12.251029,BTC,41969.9372,1,1.8670307521563507
2024-01-01 00:00:13.001389,BTC,42000.2877,2,1.7275014684492174
2024-01-01 00:00:13.251382,ETH,2298.452,2,2.2239830236510176
2024-01-01 00:00:13.501309,SOL,101.0084,3,2.701908585563507
2024-01-01 00:00:13.751281,BTC,42006.2745,1,1.3141255740313824
