minute,symbol,ret
2024-01-01 00:00:00,BTC,NULL
2024-01-01 00:01:00,BTC,0.00459084967863399
2024-01-01 00:02:00,BTC,-0.003906635812957027
2024-01-01 00:03:00,BTC,0.003989523364109848
2024-01-01 00:04:00,BTC,-0.000976479468085989
2024-01-01 00:05:00,BTC,0.0005114622855693085
2024-01-01 00:06:00,BTC,0.004517247132309166
2024-01-01 00:07:00,BTC,0.002750236132625261
2024-01-01 00:08:00,BTC,0.0012260687527307912
2024-01-01 00:09:00,BTC,-0.00028200598740191207
2024-01-01 00:10:00,BTC,-0.002481134779119376
2024-01-01 00:11:00,BTC,-0.0023229101868382784
2024-01-01 00:12:00,BTC,-0.00023648574978263337
2024-01-01 00:13:00,BTC,0.000623866081027824
2024-01-01 00:14:00,BTC,0.0015853905751896935
2024-01-01 00:15:00,BTC,0.0047902854967984965
2024-01-01 00:16:00,BTC,-0.0030918839353241134
2024-01-01 00:17:00,BTC,-0.0006408041087464511
2024-01-01 00:18:00,BTC,-0.0002505619775798884
2024-01-01 00:19:00,BTC,0.0034142049798580043
