ts,symbol,price,vwap_so_far
2024-01-01 00:00:00.750696,BTC,42004.1925,42004.1925
2024-01-01 00:00:02.001041,BTC,41998.1544,41999.346013254784
2024-01-01 00:00:06.000651,BTC,42010.7049,42006.271123802915
2024-01-01 00:00:07.501120,BTC,42015.8896,42006.707381641216
2024-01-01 00:00:07.750701,BTC,42015.8896,42007.43652329341
2024-01-01 00:00:12.251029,BTC,41969.9372,42003.03918928356
2024-01-01 00:00:13.001389,BTC,42000.2877,42002.88712055564
2024-01-01 00:00:13.751281,BTC,42006.2745,42003.32600742746
2024-01-01 00:00:15.750514,BTC,41999.5204,42002.33712918775
2024-01-01 00:00:18.001193,BTC,41970.1581,41992.0820852378
2024-01-01 00:00:19.751217,BTC,41946.3062,41991.603117785475
2024-01-01 00:00:20.251461,BTC,41954.6963,41990.11391270428
2024-01-01 00:00:21.000526,BTC,41987.5493,41990.090184275265
2024-01-01 00:00:22.251247,BTC,41956.9046,41989.87020215945
2024-01-01 00:00:25.750877,BTC,41937.8887,41983.84848776034
2024-01-01 00:00:26.001310,BTC,41937.8887,41981.62632020752
2024-01-01 00:00:30.251056,BTC,41916.9712,41980.40695494275
2024-01-01 00:00:31.000954,BTC,41916.9712,41978.90061435653
2024-01-01 00:00:32.751126,BTC,41928.2103,41975.6312491683
2024-01-01 00:00:34.501381,BTC,41903.9359,41975.15574413791
