minute,symbol,spread_bps
2024-01-01 00:00:00,BTC,1.973019396172359
2024-01-01 00:00:00,ETH,1.997388889349784
2024-01-01 00:00:00,SOL,2.079022611631257
2024-01-01 00:01:00,BTC,2.002002918134589
2024-01-01 00:01:00,ETH,2.065665398750502
2024-01-01 00:01:00,SOL,2.0859255410153468
2024-01-01 00:02:00,BTC,1.9652937228624248
2024-01-01 00:02:00,ETH,1.9836409822462
2024-01-01 00:02:00,SOL,1.8786654293405787
2024-01-01 00:03:00,BTC,2.053380038952595
2024-01-01 00:03:00,ETH,1.9778539196739915
2024-01-01 00:03:00,SOL,1.9848327244754507
2024-01-01 00:04:00,BTC,2.0522621380794104
2024-01-01 00:04:00,ETH,1.9899629142601007
2024-01-01 00:04:00,SOL,1.9933262851600075
2024-01-01 00:05:00,BTC,1.9516047955410045
2024-01-01 00:05:00,ETH,1.9329073223627735
2024-01-01 00:05:00,SOL,1.9286536845394822
2024-01-01 00:06:00,BTC,2.0120086394361283
2024-01-01 00:06:00,ETH,2.0448078606292155
2024-01-01 00:06:00,SOL,2.08353742369855
2024-01-01 00:07:00,BTC,2.12483169087337
2024-01-01 00:07:00,ETH,2.0011009367000976
2024-01-01 00:07:00,SOL,2.074603464954891
2024-01-01 00:08:00,BTC,1.8051297665218977
2024-01-01 00:08:00,ETH,2.0248534285790414
2024-01-01 00:08:00,SOL,2.0247512263141627
2024-01-01 00:09:00,BTC,2.038169331751899
2024-01-01 00:09:00,ETH,1.9283153658484096
2024-01-01 00:09:00,SOL,1.9425563142135067
2024-01-01 00:10:00,BTC,2.043259475927648
2024-01-01 00:10:00,ETH,2.042465074822141
2024-01-01 00:10:00,SOL,2.0156888385602105
2024-01-01 00:11:00,BTC,1.9127741349103233
2024-01-01 00:11:00,ETH,1.9885740458951493
2024-01-01 00:11:00,SOL,1.9379448964232648
2024-01-01 00:12:00,BTC,2.007107271099743
2024-01-01 00:12:00,ETH,1.997141485866888
2024-01-01 00:12:00,SOL,1.9864239644433088
2024-01-01 00:13:00,BTC,2.095014821603822
2024-01-01 00:13:00,ETH,2.110330833132784
2024-01-01 00:13:00,SOL,2.145742223545444
2024-01-01 00:14:00,BTC,1.968681377368097
2024-01-01 00:14:00,ETH,2.0401118666529863
2024-01-01 00:14:00,SOL,2.1015661833954025
2024-01-01 00:15:00,BTC,2.006367059493228
2024-01-01 00:15:00,ETH,2.021793162173718
2024-01-01 00:15:00,SOL,1.8993365634543862
2024-01-01 00:16:00,BTC,2.023105013347815
2024-01-01 00:16:00,ETH,2.0101114140267655
2024-01-01 00:16:00,SOL,2.0953341804262413
2024-01-01 00:17:00,BTC,1.9473427150964613
2024-01-01 00:17:00,ETH,2.0700781441352616
2024-01-01 00:17:00,SOL,1.8825980515266685
2024-01-01 00:18:00,BTC,2.055331255535999
2024-01-01 00:18:00,ETH,1.9303304729621173
2024-01-01 00:18:00,SOL,2.1321360497842443
2024-01-01 00:19:00,BTC,2.0812772808838065
2024-01-01 00:19:00,ETH,2.055906855768096
2024-01-01 00:19:00,SOL,1.9062959060470595
2024-01-01 00:20:00,BTC,2.00217440803045
2024-01-01 00:20:00,ETH,1.9482078969668626
2024-01-01 00:20:00,SOL,1.9498376914633524
2024-01-01 00:21:00,BTC,2.007011890459188
2024-01-01 00:21:00,ETH,2.0117687208796267
2024-01-01 00:21:00,SOL,2.0587994199757262
2024-01-01 00:22:00,BTC,2.0086422228761687
2024-01-01 00:22:00,ETH,1.9884691817378803
2024-01-01 00:22:00,SOL,2.0189817124588854
2024-01-01 00:23:00,BTC,2.0445104925686106
2024-01-01 00:23:00,ETH,1.9524012999435612
2024-01-01 00:23:00,SOL,1.9797973059756477
2024-01-01 00:24:00,BTC,2.070402483760838
2024-01-01 00:24:00,ETH,2.056434804936158
2024-01-01 00:24:00,SOL,1.9660688141597993
2024-01-01 00:25:00,BTC,2.0187966973060703
2024-01-01 00:25:00,ETH,1.9585131193617227
2024-01-01 00:25:00,SOL,1.9977343177134752
2024-01-01 00:26:00,BTC,2.0157604371713846
2024-01-01 00:26:00,ETH,2.0945456452703652
2024-01-01 00:26:00,SOL,2.109069414072307
2024-01-01 00:27:00,BTC,2.0059882651793033
2024-01-01 00:27:00,ETH,2.028825599476743
2024-01-01 00:27:00,SOL,1.9647729055160805
2024-01-01 00:28:00,BTC,2.1011610986343623
2024-01-01 00:28:00,ETH,1.9500647561174453
2024-01-01 00:28:00,SOL,1.9779217173212422
2024-01-01 00:29:00,BTC,2.0433616474357197
2024-01-01 00:29:00,ETH,1.93605454422097
2024-01-01 00:29:00,SOL,1.987255079689997
