bucket,symbol,vwap,volume
2024-01-01 00:00:00,BTC,41940.65627381962,97.28700000000002
2024-01-01 00:00:00,ETH,2299.699600012648,90.11570000000006
2024-01-01 00:00:00,SOL,100.16693363248343,99.76039999999999
2024-01-01 00:05:00,BTC,42114.14256996723,98.11820000000002
2024-01-01 00:05:00,ETH,2293.6758406072345,115.52029999999998
2024-01-01 00:05:00,SOL,99.89618970433169,97.01749999999998
2024-01-01 00:10:00,BTC,42095.95375452852,79.04799999999997
2024-01-01 00:10:00,ETH,2292.03235910879,86.22879999999999
2024-01-01 00:10:00,SOL,98.80947105326473,94.76060000000001
2024-01-01 00:15:00,BTC,42279.24635864828,88.91310000000001
2024-01-01 00:15:00,ETH,2298.617360900821,90.71289999999998
2024-01-01 00:15:00,SOL,98.47716024158989,92.37140000000004
2024-01-01 00:20:00,BTC,42443.314105220794,77.40980000000002
2024-01-01 00:20:00,ETH,2316.206371849924,94.55250000000001
2024-01-01 00:20:00,SOL,97.46597859066432,101.81959999999997
2024-01-01 00:25:00,BTC,42401.14487574453,84.94460000000007
2024-01-01 00:25:00,ETH,2303.0447311270395,86.31819999999999
2024-01-01 00:25:00,SOL,97.24611067918774,96.89220000000005
