ts,user_id,event,page,duration_ms
2024-01-01T06:09:30.000000,u086,visit,/docs,2679
2024-01-01T06:20:08.000000,u040,visit,/pricing,8625
2024-01-01T06:20:11.000000,u086,visit,/pricing,5570
2024-01-01T06:25:58.000000,u086,visit,/blog,6128
2024-01-01T06:28:34.000000,u040,visit,/pricing,7524
2024-01-01T06:30:05.000000,u022,visit,/pricing,7971
2024-01-01T06:30:30.000000,u018,visit,/docs,3372
2024-01-01T06:30:42.000000,u040,visit,/blog,8310
2024-01-01T06:41:38.000000,u022,visit,/docs,2754
2024-01-01T06:42:39.000000,u018,visit,/docs,7527
2024-01-01T06:48:03.000000,u119,visit,/pricing,2808
2024-01-01T06:49:22.000000,u119,signup,/,402
2024-01-01T06:51:19.000000,u022,visit,/pricing,550
2024-01-01T06:51:53.000000,u022,signup,/,8827
2024-01-01T07:00:09.000000,u119,purchase,/pricing,2530
2024-01-01T07:57:09.000000,u085,visit,/blog,4313
2024-01-01T07:58:49.000000,u101,visit,/docs,2275
2024-01-01T08:04:49.000000,u085,visit,/blog,2374
2024-01-01T08:13:26.000000,u101,signup,/,8109
2024-01-01T08:20:18.000000,u107,visit,/,866
2024-01-01T08:21:58.000000,u100,visit,/blog,1658
2024-01-01T08:25:22.000000,u048,visit,/blog,7595
2024-01-01T08:31:29.000000,u107,visit,/pricing,1547
2024-01-01T08:32:04.000000,u100,visit,/docs,8465
2024-01-01T08:35:19.000000,u100,visit,/pricing,5900
2024-01-01T08:37:24.000000,u015,visit,/blog,2845
2024-01-01T08:40:29.000000,u100,signup,/pricing,8738
2024-01-01T08:44:20.000000,u107,signup,/docs,8580
2024-01-01T08:46:01.000000,u107,purchase,/,8456
2024-01-01T08:46:32.000000,u015,visit,/,3562
2024-01-01T08:55:52.000000,u015,signup,/docs,2601
2024-01-01T09:07:58.000000,u015,purchase,/,8852
2024-01-01T09:42:47.000000,u094,visit,/pricing,386
2024-01-01T09:58:20.000000,u008,visit,/pricing,6719
2024-01-01T10:14:02.000000,u068,visit,/docs,2296
2024-01-01T10:50:04.000000,u035,visit,/docs,2322
2024-01-01T11:04:23.000000,u035,signup,/blog,4437
2024-01-01T11:19:59.000000,u024,visit,/docs,4449
2024-01-01T11:29:36.000000,u024,visit,/blog,2347
2024-01-01T11:30:58.000000,u024,visit,/docs,7706
2024-01-01T12:10:26.000000,u038,visit,/docs,2317
2024-01-01T12:11:25.000000,u012,visit,/,2678
2024-01-01T12:11:30.000000,u038,visit,/pricing,1993
2024-01-01T12:13:30.000000,u062,visit,/pricing,6234
2024-01-01T12:18:14.000000,u062,visit,/pricing,529
2024-01-01T12:23:53.000000,u079,visit,/pricing,6428
2024-01-01T12:37:09.000000,u013,visit,/pricing,6364
2024-01-01T13:09:45.000000,u076,visit,/pricing,7005
2024-01-01T13:10:58.000000,u076,visit,/,3216
2024-01-01T13:18:00.000000,u076,visit,/blog,5347
2024-01-01T13:30:50.000000,u076,signup,/,1500
2024-01-01T13:33:59.000000,u076,purchase,/docs,3324
2024-01-01T13:53:50.000000,u023,visit,/pricing,658
2024-01-01T14:12:27.000000,u118,visit,/docs,6785
2024-01-01T14:26:38.000000,u118,visit,/docs,388
2024-01-01T14:26:52.000000,u083,visit,/pricing,1229
2024-01-01T14:27:55.000000,u118,visit,/docs,7470
2024-01-01T14:36:34.000000,u054,visit,/blog,4601
2024-01-01T14:37:32.000000,u083,visit,/docs,6146
2024-01-01T14:38:31.000000,u118,signup,/blog,4271
2024-01-01T14:38:34.000000,u092,visit,/blog,6325
2024-01-01T14:42:30.000000,u083,signup,/docs,914
2024-01-01T14:43:30.000000,u054,visit,/pricing,3652
2024-01-01T14:45:06.000000,u054,visit,/,2522
2024-01-01T14:58:11.000000,u054,signup,/docs,6090
2024-01-01T15:00:46.000000,u054,purchase,/docs,2046
2024-01-01T15:01:25.000000,u074,visit,/pricing,3981
2024-01-01T15:09:41.000000,u074,visit,/pricing,4542
2024-01-01T15:14:33.000000,u028,visit,/,7462
2024-01-01T15:26:04.000000,u120,visit,/blog,3061
2024-01-01T15:35:04.000000,u120,visit,/docs,1244
2024-01-01T15:40:31.000000,u120,visit,/,8030
2024-01-01T15:46:06.000000,u036,visit,/blog,5558
2024-01-01T15:47:57.000000,u036,visit,/docs,1142
2024-01-01T15:50:34.000000,u003,visit,/pricing,1888
2024-01-01T16:00:49.000000,u003,visit,/pricing,6301
2024-01-01T16:01:55.000000,u036,visit,/pricing,7168
2024-01-01T16:02:48.000000,u003,visit,/,1176
2024-01-01T16:13:41.000000,u003,signup,/pricing,8333
2024-01-01T16:25:37.000000,u003,purchase,/blog,5346
2024-01-01T17:03:42.000000,u102,visit,/,2825
2024-01-01T17:04:42.000000,u026,visit,/pricing,7957
2024-01-01T17:12:09.000000,u113,visit,/docs,8655
2024-01-01T17:14:57.000000,u102,visit,/pricing,6827
2024-01-01T17:15:35.000000,u026,signup,/,1211
2024-01-01T17:23:09.000000,u042,visit,/blog,2874
2024-01-01T17:24:25.000000,u042,visit,/,6440
2024-01-01T17:25:41.000000,u049,visit,/blog,4521
2024-01-01T17:26:04.000000,u049,signup,/blog,1348
2024-01-01T17:59:16.000000,u010,visit,/pricing,4504
2024-01-01T18:04:24.000000,u010,visit,/,2586
2024-01-01T18:09:27.000000,u033,visit,/blog,8647
2024-01-01T18:11:14.000000,u032,visit,/docs,2542
2024-01-01T18:11:53.000000,u010,visit,/docs,5420
2024-01-01T18:14:21.000000,u010,signup,/,7681
2024-01-01T18:15:53.000000,u032,signup,/pricing,7863
2024-01-01T18:19:57.000000,u032,purchase,/,6725
2024-01-01T18:27:59.000000,u010,purchase,/blog,6721
2024-01-01T20:23:25.000000,u070,visit,/docs,7747
2024-01-01T20:28:39.000000,u096,visit,/,6887
2024-01-01T20:30:42.000000,u096,visit,/blog,2732
2024-01-01T21:05:41.000000,u103,visit,/pricing,883
2024-01-01T21:12:50.000000,u103,visit,/pricing,6484
2024-01-01T21:19:17.000000,u103,visit,/,2648
2024-01-02T06:18:23.000000,u037,visit,/,3843
2024-01-02T06:19:51.000000,u037,visit,/docs,2193
2024-01-02T06:33:04.000000,u082,visit,/blog,866
2024-01-02T06:55:01.000000,u039,visit,/docs,8901
2024-01-02T07:08:18.000000,u039,visit,/pricing,4950
2024-01-02T07:15:06.000000,u006,visit,/blog,1264
2024-01-02T07:16:14.000000,u039,visit,/pricing,4632
2024-01-02T07:16:28.000000,u006,visit,/docs,7501
2024-01-02T07:22:29.000000,u039,signup,/,4303
2024-01-02T07:23:49.000000,u051,visit,/docs,965
2024-01-02T07:28:00.000000,u009,visit,/pricing,7253
2024-01-02T07:31:37.000000,u045,visit,/pricing,4266
2024-01-02T07:34:40.000000,u051,visit,/pricing,1469
2024-01-02T07:37:43.000000,u009,visit,/docs,7004
2024-01-02T07:40:33.000000,u045,visit,/,1688
2024-01-02T07:44:10.000000,u009,signup,/blog,3980
2024-01-02T07:45:14.000000,u051,visit,/pricing,5635
2024-01-02T07:45:23.000000,u045,visit,/,2557
2024-01-02T07:47:04.000000,u009,purchase,/,3087
2024-01-02T07:53:05.000000,u011,visit,/,3322
2024-01-02T07:54:33.000000,u011,visit,/pricing,7419
2024-01-02T07:59:03.000000,u075,visit,/pricing,3858
2024-01-02T08:07:39.000000,u075,visit,/blog,1124
2024-01-02T08:29:47.000000,u031,visit,/blog,5377
2024-01-02T08:31:21.000000,u031,visit,/pricing,7217
2024-01-02T08:44:46.000000,u001,visit,/,6191
2024-01-02T08:55:02.000000,u001,visit,/,8513
2024-01-02T08:59:01.000000,u001,visit,/,1608
2024-01-02T09:06:45.000000,u001,signup,/blog,1344
2024-01-02T09:11:11.000000,u001,purchase,/,7155
2024-01-02T09:15:15.000000,u106,visit,/blog,4054
2024-01-02T09:23:12.000000,u106,visit,/blog,3142
2024-01-02T09:27:21.000000,u058,visit,/,6754
2024-01-02T09:37:08.000000,u058,visit,/pricing,1520
2024-01-02T09:37:21.000000,u106,signup,/blog,6759
2024-01-02T09:43:13.000000,u020,visit,/,8055
2024-01-02T09:54:41.000000,u020,visit,/docs,1589
2024-01-02T10:09:15.000000,u020,visit,/,6565
2024-01-02T10:12:43.000000,u055,visit,/blog,606
2024-01-02T10:14:22.000000,u093,visit,/pricing,1430
2024-01-02T10:15:45.000000,u055,visit,/,8255
2024-01-02T10:21:03.000000,u093,visit,/pricing,7558
2024-01-02T10:30:15.000000,u091,visit,/pricing,5546
2024-01-02T10:31:40.000000,u093,visit,/docs,303
2024-01-02T10:31:41.000000,u091,visit,/blog,4323
2024-01-02T10:33:48.000000,u093,signup,/docs,3765
2024-01-02T10:34:46.000000,u093,purchase,/docs,5770
2024-01-02T10:36:12.000000,u091,signup,/pricing,1847
2024-01-02T10:36:34.000000,u057,visit,/,6109
2024-01-02T10:44:12.000000,u057,visit,/docs,990
2024-01-02T10:47:41.000000,u091,purchase,/blog,806
2024-01-02T10:49:19.000000,u057,visit,/,1045
2024-01-02T11:03:53.000000,u057,signup,/docs,2639
2024-01-02T11:08:28.000000,u057,purchase,/docs,7347
2024-01-02T11:17:41.000000,u053,visit,/blog,7833
2024-01-02T11:25:58.000000,u053,visit,/,3464
2024-01-02T11:59:16.000000,u044,visit,/docs,4205
2024-01-02T12:00:11.000000,u044,visit,/docs,3769
2024-01-02T12:02:18.000000,u078,visit,/,1481
2024-01-02T12:06:36.000000,u044,visit,/pricing,217
2024-01-02T12:58:09.000000,u063,visit,/pricing,6374
2024-01-02T13:03:05.000000,u063,visit,/docs,1216
2024-01-02T13:11:55.000000,u063,visit,/docs,6100
2024-01-02T13:16:38.000000,u065,visit,/docs,557
2024-01-02T13:19:08.000000,u065,visit,/,7166
2024-01-02T13:22:49.000000,u056,visit,/blog,5378
2024-01-02T13:25:12.000000,u056,visit,/docs,228
2024-01-02T13:26:43.000000,u095,visit,/docs,1476
2024-01-02T13:31:04.000000,u056,signup,/docs,6725
2024-01-02T13:33:26.000000,u056,purchase,/pricing,392
2024-01-02T13:40:08.000000,u034,visit,/docs,519
2024-01-02T13:46:14.000000,u034,visit,/blog,7416
2024-01-02T13:58:34.000000,u034,visit,/,6497
2024-01-02T14:04:33.000000,u034,signup,/docs,8592
2024-01-02T14:05:58.000000,u034,purchase,/,3944
2024-01-02T14:10:22.000000,u067,visit,/pricing,8758
2024-01-02T14:22:20.000000,u067,signup,/,7692
2024-01-02T14:24:07.000000,u067,purchase,/,222
2024-01-02T15:04:28.000000,u089,visit,/pricing,4037
2024-01-02T15:07:04.000000,u089,visit,/blog,7751
2024-01-02T15:13:26.000000,u041,visit,/docs,3454
2024-01-02T15:27:58.000000,u041,signup,/pricing,6830
2024-01-02T15:34:13.000000,u041,purchase,/,2326
2024-01-02T15:36:59.000000,u069,visit,/,1829
2024-01-02T15:38:31.000000,u069,visit,/docs,8792
2024-01-02T15:48:47.000000,u069,visit,/pricing,6558
2024-01-02T15:51:29.000000,u081,visit,/docs,6167
2024-01-02T16:41:21.000000,u066,visit,/blog,8848
2024-01-02T16:54:50.000000,u105,visit,/docs,7082
2024-01-02T17:00:25.000000,u105,visit,/pricing,7175
2024-01-02T17:07:23.000000,u105,visit,/docs,7520
2024-01-02T17:10:08.000000,u109,visit,/docs,8428
2024-01-02T17:18:39.000000,u109,signup,/pricing,4506
2024-01-02T17:38:13.000000,u114,visit,/docs,229
2024-01-02T17:44:02.000000,u071,visit,/blog,8822
2024-01-02T17:51:18.000000,u114,visit,/,3831
2024-01-02T17:54:10.000000,u114,visit,/docs,7281
2024-01-02T19:28:08.000000,u017,visit,/blog,6025
2024-01-02T19:34:06.000000,u098,visit,/blog,7023
2024-01-02T19:34:44.000000,u098,visit,/docs,3430
2024-01-02T20:57:51.000000,u080,visit,/,7957
2024-01-03T06:45:30.000000,u046,visit,/pricing,1584
2024-01-03T06:49:47.000000,u116,visit,/docs,1942
2024-01-03T06:53:03.000000,u111,visit,/blog,8743
2024-01-03T06:55:49.000000,u046,visit,/pricing,6581
2024-01-03T06:59:02.000000,u116,visit,/docs,8950
2024-01-03T07:03:11.000000,u116,signup,/blog,5134
2024-01-03T07:03:16.000000,u111,visit,/,4329
2024-01-03T07:09:11.000000,u046,visit,/docs,8296
2024-01-03T07:12:04.000000,u046,signup,/docs,2571
2024-01-03T07:13:08.000000,u046,purchase,/blog,8482
2024-01-03T07:13:34.000000,u116,purchase,/pricing,3545
2024-01-03T07:19:57.000000,u005,visit,/pricing,8211
2024-01-03T07:26:18.000000,u087,visit,/pricing,4251
2024-01-03T07:27:28.000000,u005,visit,/,1471
2024-01-03T07:33:35.000000,u087,visit,/,754
2024-01-03T07:39:33.000000,u097,visit,/docs,6913
2024-01-03T07:40:50.000000,u005,signup,/docs,5772
2024-01-03T07:44:43.000000,u097,visit,/docs,7045
2024-01-03T07:53:01.000000,u005,purchase,/docs,8337
2024-01-03T08:15:13.000000,u002,visit,/,6699
2024-01-03T08:16:23.000000,u002,visit,/pricing,963
2024-01-03T08:19:03.000000,u060,visit,/docs,4390
2024-01-03T08:26:13.000000,u002,visit,/pricing,4944
2024-01-03T08:31:59.000000,u060,visit,/docs,6855
2024-01-03T08:43:30.000000,u060,signup,/pricing,5128
2024-01-03T08:52:04.000000,u060,purchase,/blog,2161
2024-01-03T08:56:34.000000,u061,visit,/pricing,7621
2024-01-03T09:02:34.000000,u061,visit,/blog,7202
2024-01-03T09:05:16.000000,u061,signup,/pricing,4199
2024-01-03T10:16:36.000000,u090,visit,/,5015
2024-01-03T10:19:18.000000,u110,visit,/blog,2841
2024-01-03T10:21:56.000000,u090,visit,/docs,4585
2024-01-03T10:28:37.000000,u090,visit,/docs,4465
2024-01-03T10:29:51.000000,u072,visit,/docs,1106
2024-01-03T10:30:29.000000,u110,signup,/docs,5571
2024-01-03T10:30:33.000000,u072,visit,/pricing,8364
2024-01-03T10:35:31.000000,u014,visit,/docs,7968
2024-01-03T10:37:14.000000,u110,purchase,/pricing,4530
2024-01-03T10:37:56.000000,u014,visit,/,8196
2024-01-03T10:42:23.000000,u072,visit,/blog,1528
2024-01-03T10:46:13.000000,u014,visit,/blog,8127
2024-01-03T10:47:06.000000,u072,signup,/pricing,7152
2024-01-03T10:53:45.000000,u072,purchase,/pricing,8276
2024-01-03T11:07:56.000000,u043,visit,/docs,941
2024-01-03T11:16:06.000000,u043,visit,/pricing,2781
2024-01-03T11:21:01.000000,u043,visit,/blog,259
2024-01-03T12:09:14.000000,u073,visit,/blog,3445
2024-01-03T12:09:40.000000,u073,visit,/docs,8471
2024-01-03T12:21:46.000000,u019,visit,/,3812
2024-01-03T12:23:50.000000,u019,visit,/pricing,7901
2024-01-03T12:37:41.000000,u115,visit,/blog,3923
2024-01-03T13:01:23.000000,u007,visit,/,7764
2024-01-03T13:07:46.000000,u007,visit,/pricing,2118
2024-01-03T13:22:20.000000,u099,visit,/blog,2060
2024-01-03T13:28:47.000000,u059,visit,/docs,8155
2024-01-03T13:36:40.000000,u099,signup,/,6855
2024-01-03T13:46:51.000000,u099,purchase,/docs,7751
2024-01-03T14:14:59.000000,u004,visit,/pricing,1541
2024-01-03T14:25:07.000000,u004,signup,/docs,8804
2024-01-03T14:33:53.000000,u004,purchase,/docs,7553
2024-01-03T15:09:50.000000,u064,visit,/,4640
2024-01-03T15:12:11.000000,u029,visit,/docs,7611
2024-01-03T15:26:10.000000,u027,visit,/,1130
2024-01-03T15:30:44.000000,u027,visit,/pricing,4737
2024-01-03T15:33:13.000000,u077,visit,/docs,6403
2024-01-03T15:44:34.000000,u050,visit,/blog,4331
2024-01-03T15:54:51.000000,u088,visit,/,4539
2024-01-03T15:58:42.000000,u050,visit,/,4550
2024-01-03T16:03:02.000000,u050,visit,/pricing,3980
2024-01-03T16:05:50.000000,u088,signup,/,3613
2024-01-03T16:15:59.000000,u050,signup,/blog,8292
2024-01-03T19:02:45.000000,u084,visit,/docs,261
2024-01-03T19:15:23.000000,u084,visit,/,597
2024-01-03T19:31:47.000000,u052,visit,/pricing,404
2024-01-03T19:39:21.000000,u021,visit,/docs,1621
2024-01-03T19:40:20.000000,u052,visit,/,8159
2024-01-03T19:42:19.000000,u047,visit,/pricing,1594
2024-01-03T19:45:15.000000,u052,visit,/,3766
2024-01-03T19:53:21.000000,u021,visit,/blog,7788
2024-01-03T20:00:32.000000,u021,signup,/,2802
2024-01-03T20:16:36.000000,u108,visit,/,3373
2024-01-03T20:19:10.000000,u108,visit,/blog,4916
2024-01-03T20:33:20.000000,u108,visit,/pricing,3822
2024-01-03T20:34:47.000000,u108,signup,/docs,4332
2024-01-03T20:41:51.000000,u030,visit,/docs,3519
2024-01-03T20:50:14.000000,u025,visit,/pricing,8913
2024-01-03T20:50:54.000000,u104,visit,/,5511
2024-01-03T20:53:09.000000,u025,visit,/,7411
2024-01-03T21:04:54.000000,u117,visit,/,4190
2024-01-03T21:35:38.000000,u112,visit,/blog,6244
2024-01-03T21:42:58.000000,u016,visit,/docs,2936
2024-01-03T21:45:49.000000,u112,visit,/pricing,6102
2024-01-03T21:49:22.000000,u016,visit,/pricing,8925
2024-01-03T21:51:47.000000,u112,signup,/,7446
2024-01-03T21:58:56.000000,u016,visit,/docs,3854
2024-01-03T22:09:43.000000,u016,signup,/pricing,4122
