ts,device,counter,latency_ms,temperature
2024-01-01T00:00:00.000000,a,8,19.39,19.72
2024-01-01T00:00:00.000000,b,1013,34.7,19.66
2024-01-01T00:00:03.000000,a,13,22.66,19.97
2024-01-01T00:00:03.000000,b,1026,32.08,20.15
2024-01-01T00:00:06.000000,a,23,9.87,19.91
2024-01-01T00:00:06.000000,b,1035,11.18,19.76
2024-01-01T00:00:09.000000,a,34,14.42,19.95
2024-01-01T00:00:09.000000,b,1049,12.05,20.11
2024-01-01T00:00:12.000000,a,41,15.66,20.35
2024-01-01T00:00:12.000000,b,1055,24.58,20.29
2024-01-01T00:00:15.000000,a,50,39.27,20.42
2024-01-01T00:00:15.000000,b,1061,18.97,21.11
2024-01-01T00:00:18.000000,a,59,26.1,20.6
2024-01-01T00:00:18.000000,b,1066,19.86,20.63
2024-01-01T00:00:21.000000,a,71,18.01,21.12
2024-01-01T00:00:21.000000,b,1078,22.71,20.91
2024-01-01T00:00:24.000000,a,85,44.4,20.82
2024-01-01T00:00:24.000000,b,1084,20.5,20.65
2024-01-01T00:00:27.000000,a,96,46.97,20.8
2024-01-01T00:00:27.000000,b,1098,25.69,21.5
2024-01-01T00:00:30.000000,a,104,6.77,21.33
2024-01-01T00:00:30.000000,b,1106,47.91,21.06
2024-01-01T00:00:33.000000,a,114,22.53,21.58
2024-01-01T00:00:33.000000,b,1117,20.63,21.35
2024-01-01T00:00:36.000000,a,120,16.12,21.57
2024-01-01T00:00:36.000000,b,1128,12.73,21.28
2024-01-01T00:00:39.000000,a,125,26.2,21.11
2024-01-01T00:00:39.000000,b,1133,21.18,21.28
2024-01-01T00:00:42.000000,a,139,5.84,20.8
2024-01-01T00:00:42.000000,b,1138,35.01,21.64
2024-01-01T00:00:45.000000,a,146,14.17,21.52
2024-01-01T00:00:45.000000,b,1143,23.64,21.36
2024-01-01T00:00:48.000000,a,160,43.07,21.46
2024-01-01T00:00:48.000000,b,1151,41.42,21.83
2024-01-01T00:00:51.000000,a,167,18.81,21.79
2024-01-01T00:00:51.000000,b,1157,11.46,21.32
2024-01-01T00:00:54.000000,a,181,35.3,21.25
2024-01-01T00:00:54.000000,b,1168,38.22,21.81
2024-01-01T00:00:57.000000,a,188,26.91,21.73
2024-01-01T00:00:57.000000,b,1178,14.63,21.51
2024-01-01T00:01:00.000000,a,199,23.14,21.75
2024-01-01T00:01:00.000000,b,1192,9.17,22.01
2024-01-01T00:01:03.000000,a,213,10.54,22.08
2024-01-01T00:01:03.000000,b,1203,6.81,21.6
2024-01-01T00:01:06.000000,a,223,33.67,22.29
2024-01-01T00:01:06.000000,b,1209,19.84,21.85
2024-01-01T00:01:09.000000,a,236,57.24,21.35
2024-01-01T00:01:09.000000,b,1216,12.33,22.06
2024-01-01T00:01:12.000000,a,250,15.92,22.38
2024-01-01T00:01:12.000000,b,1227,37.58,22.03
2024-01-01T00:01:15.000000,a,255,15.41,22.76
2024-01-01T00:01:15.000000,b,1241,23.81,22.65
2024-01-01T00:01:18.000000,a,262,16.41,22.29
2024-01-01T00:01:18.000000,b,1255,21.85,22.79
2024-01-01T00:01:21.000000,a,276,22.25,22.7
2024-01-01T00:01:21.000000,b,1261,26.07,22.62
2024-01-01T00:01:24.000000,a,283,26.59,22.9
2024-01-01T00:01:24.000000,b,1270,28.55,22.55
2024-01-01T00:01:27.000000,a,291,31.73,22.85
2024-01-01T00:01:27.000000,b,1275,24.72,22.59
2024-01-01T00:01:30.000000,a,304,11.06,22.91
2024-01-01T00:01:30.000000,b,1288,11.07,23.01
2024-01-01T00:01:33.000000,a,314,17.17,22.76
2024-01-01T00:01:33.000000,b,1295,24.67,22.62
2024-01-01T00:01:36.000000,a,325,29.71,23.03
2024-01-01T00:01:36.000000,b,1304,22.86,23.0
2024-01-01T00:01:39.000000,a,331,10.65,22.62
2024-01-01T00:01:39.000000,b,1310,40.18,22.92
2024-01-01T00:01:42.000000,a,337,27.9,23.41
2024-01-01T00:01:42.000000,b,1318,26.58,23.34
2024-01-01T00:01:45.000000,a,351,12.01,23.13
2024-01-01T00:01:45.000000,b,1325,5.42,23.26
2024-01-01T00:01:48.000000,a,357,22.35,23.11
2024-01-01T00:01:48.000000,b,1336,17.89,23.19
2024-01-01T00:01:51.000000,a,367,23.29,23.28
2024-01-01T00:01:51.000000,b,1346,12.73,23.26
2024-01-01T00:01:54.000000,a,377,43.33,23.65
2024-01-01T00:01:54.000000,b,1355,16.37,22.82
2024-01-01T00:01:57.000000,a,384,13.03,23.34
2024-01-01T00:01:57.000000,b,1363,22.22,23.61
2024-01-01T00:02:00.000000,a,392,11.84,23.58
2024-01-01T00:02:00.000000,b,1371,18.97,23.73
2024-01-01T00:02:03.000000,a,405,19.78,23.52
2024-01-01T00:02:03.000000,b,1384,14.2,23.78
2024-01-01T00:02:06.000000,a,411,17.13,23.11
2024-01-01T00:02:06.000000,b,1389,10.89,23.32
2024-01-01T00:02:09.000000,a,416,39.11,23.61
2024-01-01T00:02:09.000000,b,1403,23.71,23.15
2024-01-01T00:02:12.000000,a,429,38.44,23.76
2024-01-01T00:02:12.000000,b,1411,26.04,23.87
2024-01-01T00:02:15.000000,a,443,59.47,23.34
2024-01-01T00:02:15.000000,b,1424,8.02,23.73
2024-01-01T00:02:18.000000,a,449,15.9,24.12
2024-01-01T00:02:18.000000,b,1437,20.37,24.57
2024-01-01T00:02:21.000000,a,457,37.71,23.82
2024-01-01T00:02:21.000000,b,1443,25.1,24.23
2024-01-01T00:02:24.000000,a,469,22.76,23.69
2024-01-01T00:02:24.000000,b,1449,22.72,23.84
2024-01-01T00:02:27.000000,a,475,24.78,23.91
2024-01-01T00:02:27.000000,b,1457,14.4,24.09
2024-01-01T00:02:30.000000,a,487,22.09,23.5
2024-01-01T00:02:30.000000,b,1466,33.09,24.12
2024-01-01T00:02:33.000000,a,494,47.04,24.0
2024-01-01T00:02:33.000000,b,1471,54.02,24.34
2024-01-01T00:02:36.000000,a,499,24.26,24.45
2024-01-01T00:02:36.000000,b,1481,24.93,24.54
2024-01-01T00:02:39.000000,a,508,38.56,24.11
2024-01-01T00:02:39.000000,b,1486,15.75,24.56
2024-01-01T00:02:42.000000,a,513,12.35,24.23
2024-01-01T00:02:42.000000,b,1491,13.01,24.72
2024-01-01T00:02:45.000000,a,525,52.55,24.91
2024-01-01T00:02:45.000000,b,1496,12.26,24.94
2024-01-01T00:02:48.000000,a,531,40.98,24.16
2024-01-01T00:02:48.000000,b,1510,42.63,24.42
2024-01-01T00:02:51.000000,a,544,44.19,24.45
2024-01-01T00:02:51.000000,b,1524,9.36,24.33
2024-01-01T00:02:54.000000,a,555,24.39,24.87
2024-01-01T00:02:54.000000,b,1538,21.9,24.61
2024-01-01T00:02:57.000000,a,560,23.12,24.79
2024-01-01T00:02:57.000000,b,1545,18.55,24.61
2024-01-01T00:03:00.000000,a,566,19.64,24.56
2024-01-01T00:03:00.000000,b,1551,24.85,24.62
2024-01-01T00:03:03.000000,a,576,8.01,24.46
2024-01-01T00:03:03.000000,b,1565,18.01,25.05
2024-01-01T00:03:06.000000,a,587,10.74,24.88
2024-01-01T00:03:06.000000,b,1573,9.18,24.78
2024-01-01T00:03:09.000000,a,594,26.06,24.58
2024-01-01T00:03:09.000000,b,1579,11.5,25.14
2024-01-01T00:03:12.000000,a,607,17.12,24.69
2024-01-01T00:03:12.000000,b,1584,11.45,25.07
2024-01-01T00:03:15.000000,a,619,60.48,25.34
2024-01-01T00:03:15.000000,b,1591,27.91,24.9
2024-01-01T00:03:18.000000,a,633,19.16,24.98
2024-01-01T00:03:18.000000,b,1597,38.21,24.55
2024-01-01T00:03:21.000000,a,641,14.39,24.44
2024-01-01T00:03:21.000000,b,1606,14.63,24.87
2024-01-01T00:03:24.000000,a,647,54.97,24.18
2024-01-01T00:03:24.000000,b,1614,9.57,24.97
2024-01-01T00:03:27.000000,a,660,10.25,24.92
2024-01-01T00:03:27.000000,b,1620,9.16,25.31
2024-01-01T00:03:30.000000,a,668,14.94,24.86
2024-01-01T00:03:30.000000,b,1629,13.76,25.3
2024-01-01T00:03:33.000000,a,680,11.44,24.78
2024-01-01T00:03:33.000000,b,1636,15.92,24.81
2024-01-01T00:03:36.000000,a,688,40.92,25.02
2024-01-01T00:03:36.000000,b,1649,20.88,24.97
2024-01-01T00:03:39.000000,a,697,20.76,24.47
2024-01-01T00:03:39.000000,b,1660,25.01,24.54
2024-01-01T00:03:42.000000,a,710,26.98,25.58
2024-01-01T00:03:42.000000,b,1669,40.68,24.84
2024-01-01T00:03:45.000000,a,717,25.16,24.71
2024-01-01T00:03:45.000000,b,1678,29.76,24.7
2024-01-01T00:03:48.000000,a,722,10.27,24.93
2024-01-01T00:03:48.000000,b,1692,20.25,24.69
2024-01-01T00:03:51.000000,a,732,21.87,24.57
2024-01-01T00:03:51.000000,b,1703,64.17,25.33
2024-01-01T00:03:54.000000,a,741,23.52,25.12
2024-01-01T00:03:54.000000,b,1708,9.62,24.72
2024-01-01T00:03:57.000000,a,755,41.98,24.89
2024-01-01T00:03:57.000000,b,1719,52.62,25.36
2024-01-01T00:04:00.000000,a,762,9.44,25.3
2024-01-01T00:04:00.000000,b,1727,15.69,24.79
2024-01-01T00:04:03.000000,a,776,14.82,24.93
2024-01-01T00:04:03.000000,b,1735,13.35,24.92
2024-01-01T00:04:06.000000,a,784,26.89,24.79
2024-01-01T00:04:06.000000,b,1747,12.86,25.05
2024-01-01T00:04:09.000000,a,796,44.7,24.96
2024-01-01T00:04:09.000000,b,1757,38.49,24.51
2024-01-01T00:04:12.000000,a,809,13.68,24.96
2024-01-01T00:04:12.000000,b,1769,24.97,24.68
2024-01-01T00:04:15.000000,a,817,29.87,24.78
2024-01-01T00:04:15.000000,b,1777,20.85,25.23
2024-01-01T00:04:18.000000,a,829,32.83,24.96
2024-01-01T00:04:18.000000,b,1786,29.3,25.23
2024-01-01T00:04:21.000000,a,834,20.6,24.86
2024-01-01T00:04:21.000000,b,1794,5.15,25.06
2024-01-01T00:04:24.000000,a,843,10.85,24.65
2024-01-01T00:04:24.000000,b,1800,28.12,25.19
2024-01-01T00:04:27.000000,a,855,9.08,24.56
2024-01-01T00:04:27.000000,b,1806,15.32,25.03
2024-01-01T00:04:30.000000,a,863,19.71,24.86
2024-01-01T00:04:30.000000,b,1812,40.55,24.6
2024-01-01T00:04:33.000000,a,869,7.25,25.19
2024-01-01T00:04:33.000000,b,1825,21.81,24.47
2024-01-01T00:04:36.000000,a,881,25.55,25.22
2024-01-01T00:04:36.000000,b,1837,55.27,24.69
2024-01-01T00:04:39.000000,a,895,33.72,24.38
2024-01-01T00:04:39.000000,b,1842,10.86,24.48
2024-01-01T00:04:42.000000,a,900,14.74,25.39
2024-01-01T00:04:42.000000,b,1850,25.5,24.46
2024-01-01T00:04:45.000000,a,907,9.68,24.81
2024-01-01T00:04:45.000000,b,1862,53.69,24.77
2024-01-01T00:04:48.000000,a,920,54.82,24.43
2024-01-01T00:04:48.000000,b,1870,10.71,24.7
2024-01-01T00:04:51.000000,a,928,16.18,24.56
2024-01-01T00:04:51.000000,b,1884,10.34,24.63
2024-01-01T00:04:54.000000,a,934,18.43,24.94
2024-01-01T00:04:54.000000,b,1891,25.16,25.04
2024-01-01T00:04:57.000000,a,947,67.86,24.48
2024-01-01T00:04:57.000000,b,1897,70.15,24.28
2024-01-01T00:05:00.000000,a,953,32.24,24.58
2024-01-01T00:05:00.000000,b,1907,32.96,24.82
2024-01-01T00:05:03.000000,a,958,20.29,24.66
2024-01-01T00:05:03.000000,b,1916,18.46,24.37
2024-01-01T00:05:06.000000,a,967,31.76,24.66
2024-01-01T00:05:06.000000,b,1925,14.35,24.82
2024-01-01T00:05:09.000000,a,975,33.24,24.33
2024-01-01T00:05:09.000000,b,1936,21.26,24.43
2024-01-01T00:05:12.000000,a,989,26.74,24.14
2024-01-01T00:05:12.000000,b,1945,40.27,24.52
2024-01-01T00:05:15.000000,a,1002,26.33,24.38
2024-01-01T00:05:15.000000,b,1951,14.51,23.59
2024-01-01T00:05:18.000000,a,1016,21.4,23.83
2024-01-01T00:05:18.000000,b,1964,16.79,24.15
2024-01-01T00:05:21.000000,a,1023,39.48,24.33
2024-01-01T00:05:21.000000,b,1977,43.27,24.05
2024-01-01T00:05:24.000000,a,1034,12.36,24.43
2024-01-01T00:05:24.000000,b,1988,11.83,23.96
2024-01-01T00:05:27.000000,a,1047,18.33,24.21
2024-01-01T00:05:27.000000,b,1996,63.96,23.54
2024-01-01T00:05:30.000000,a,1061,11.42,23.57
2024-01-01T00:05:30.000000,b,2008,29.5,23.86
2024-01-01T00:05:33.000000,a,1073,13.81,23.9
2024-01-01T00:05:33.000000,b,2015,12.01,23.11
2024-01-01T00:05:36.000000,a,1084,65.59,23.93
2024-01-01T00:05:36.000000,b,2023,44.77,24.23
2024-01-01T00:05:39.000000,a,1098,27.79,23.49
2024-01-01T00:05:39.000000,b,2034,37.59,23.7
2024-01-01T00:05:42.000000,a,1106,41.82,23.67
2024-01-01T00:05:42.000000,b,2043,23.8,23.43
2024-01-01T00:05:45.000000,a,1120,9.61,23.81
2024-01-01T00:05:45.000000,b,2054,19.86,23.41
2024-01-01T00:05:48.000000,a,1134,41.14,23.46
2024-01-01T00:05:48.000000,b,2067,20.39,23.9
2024-01-01T00:05:51.000000,a,1147,10.67,23.34
2024-01-01T00:05:51.000000,b,2072,30.38,23.17
2024-01-01T00:05:54.000000,a,1157,32.68,22.89
2024-01-01T00:05:54.000000,b,2081,24.36,23.83
2024-01-01T00:05:57.000000,a,1167,32.61,23.7
2024-01-01T00:05:57.000000,b,2090,38.59,23.37
2024-01-01T00:06:00.000000,a,1179,7.15,23.45
2024-01-01T00:06:00.000000,b,2095,28.77,23.49
2024-01-01T00:06:03.000000,a,1190,12.63,23.02
2024-01-01T00:06:03.000000,b,2101,23.62,23.12
2024-01-01T00:06:06.000000,a,1198,8.48,23.52
2024-01-01T00:06:06.000000,b,2115,9.64,23.67
2024-01-01T00:06:09.000000,a,1203,5.55,22.94
2024-01-01T00:06:09.000000,b,2126,18.98,22.61
2024-01-01T00:06:12.000000,a,1208,7.9,23.51
2024-01-01T00:06:12.000000,b,2140,30.89,23.45
2024-01-01T00:06:15.000000,a,1219,12.79,23.05
2024-01-01T00:06:15.000000,b,2150,36.48,22.77
2024-01-01T00:06:18.000000,a,1229,25.51,22.65
2024-01-01T00:06:18.000000,b,2160,64.6,23.29
2024-01-01T00:06:21.000000,a,1234,6.47,22.31
2024-01-01T00:06:21.000000,b,2172,20.85,22.9
2024-01-01T00:06:24.000000,a,1240,18.03,22.74
2024-01-01T00:06:24.000000,b,2186,17.94,22.28
2024-01-01T00:06:27.000000,a,1250,10.04,22.64
2024-01-01T00:06:27.000000,b,2192,10.97,22.6
2024-01-01T00:06:30.000000,a,1257,11.34,22.36
2024-01-01T00:06:30.000000,b,2199,55.5,22.61
2024-01-01T00:06:33.000000,a,1267,14.84,22.1
2024-01-01T00:06:33.000000,b,2204,15.64,22.45
2024-01-01T00:06:36.000000,a,1273,24.93,22.48
2024-01-01T00:06:36.000000,b,2213,14.95,22.66
2024-01-01T00:06:39.000000,a,1279,19.36,22.31
2024-01-01T00:06:39.000000,b,2226,17.08,22.23
2024-01-01T00:06:42.000000,a,1291,22.48,22.28
2024-01-01T00:06:42.000000,b,2236,12.14,21.99
2024-01-01T00:06:45.000000,a,1305,11.42,22.05
2024-01-01T00:06:45.000000,b,2247,49.24,21.74
2024-01-01T00:06:48.000000,a,1319,10.67,22.63
2024-01-01T00:06:48.000000,b,2259,3.95,22.24
2024-01-01T00:06:51.000000,a,1327,26.72,22.27
2024-01-01T00:06:51.000000,b,2272,21.52,21.82
2024-01-01T00:06:54.000000,a,1332,34.11,21.85
2024-01-01T00:06:54.000000,b,2284,9.21,22.26
2024-01-01T00:06:57.000000,a,1339,19.91,21.48
2024-01-01T00:06:57.000000,b,2290,11.09,21.76
2024-01-01T00:07:00.000000,a,1349,21.49,21.59
2024-01-01T00:07:00.000000,b,2296,28.39,21.08
2024-01-01T00:07:03.000000,a,1356,14.41,21.42
2024-01-01T00:07:03.000000,b,2310,25.48,22.38
2024-01-01T00:07:06.000000,a,1363,26.07,21.41
2024-01-01T00:07:06.000000,b,2322,16.35,21.01
2024-01-01T00:07:09.000000,a,1370,15.28,21.43
2024-01-01T00:07:09.000000,b,2329,33.61,21.65
2024-01-01T00:07:12.000000,a,1375,19.71,21.31
2024-01-01T00:07:12.000000,b,2338,17.03,21.16
2024-01-01T00:07:15.000000,a,1388,13.6,21.81
2024-01-01T00:07:15.000000,b,2347,31.12,21.52
2024-01-01T00:07:18.000000,a,1401,13.87,21.04
2024-01-01T00:07:18.000000,b,2353,13.37,21.11
2024-01-01T00:07:21.000000,a,1415,15.06,21.11
2024-01-01T00:07:21.000000,b,2360,49.59,21.36
2024-01-01T00:07:24.000000,a,1429,19.42,20.26
2024-01-01T00:07:24.000000,b,2367,13.4,20.95
2024-01-01T00:07:27.000000,a,1439,17.28,21.02
2024-01-01T00:07:27.000000,b,2378,32.8,20.47
2024-01-01T00:07:30.000000,a,1452,26.08,20.91
2024-01-01T00:07:30.000000,b,2389,90.0,21.16
2024-01-01T00:07:33.000000,a,1460,9.69,20.42
2024-01-01T00:07:33.000000,b,2400,28.45,20.61
2024-01-01T00:07:36.000000,a,1465,17.19,20.78
2024-01-01T00:07:36.000000,b,2414,8.35,21.11
2024-01-01T00:07:39.000000,a,1476,28.29,20.77
2024-01-01T00:07:39.000000,b,2427,24.26,20.55
2024-01-01T00:07:42.000000,a,1486,52.8,20.2
2024-01-01T00:07:42.000000,b,2435,33.22,20.21
2024-01-01T00:07:45.000000,a,1497,109.28,20.46
2024-01-01T00:07:45.000000,b,2445,28.31,20.51
2024-01-01T00:07:48.000000,a,1508,22.41,20.84
2024-01-01T00:07:48.000000,b,2455,14.88,20.43
2024-01-01T00:07:51.000000,a,1522,21.56,19.98
2024-01-01T00:07:51.000000,b,2469,24.55,19.55
2024-01-01T00:07:54.000000,a,1528,12.66,19.54
2024-01-01T00:07:54.000000,b,2477,7.14,19.72
2024-01-01T00:07:57.000000,a,1533,36.61,20.54
2024-01-01T00:07:57.000000,b,2490,35.09,19.23
2024-01-01T00:08:00.000000,a,1546,15.0,19.83
2024-01-01T00:08:00.000000,b,2504,15.63,19.35
2024-01-01T00:08:03.000000,a,1555,18.06,19.21
2024-01-01T00:08:03.000000,b,2509,33.75,19.53
2024-01-01T00:08:06.000000,a,1568,4.97,19.23
2024-01-01T00:08:06.000000,b,2523,31.46,19.99
2024-01-01T00:08:09.000000,a,1575,35.2,19.13
2024-01-01T00:08:09.000000,b,2534,33.93,18.74
2024-01-01T00:08:12.000000,a,1580,45.92,19.23
2024-01-01T00:08:12.000000,b,2545,20.72,19.18
2024-01-01T00:08:15.000000,a,1585,34.94,19.46
2024-01-01T00:08:15.000000,b,2550,21.1,19.41
2024-01-01T00:08:18.000000,a,1592,32.81,19.01
2024-01-01T00:08:18.000000,b,2559,28.48,18.88
2024-01-01T00:08:21.000000,a,1599,46.09,19.08
2024-01-01T00:08:21.000000,b,2564,20.04,18.72
2024-01-01T00:08:24.000000,a,1612,14.78,18.31
2024-01-01T00:08:24.000000,b,2573,15.38,18.88
2024-01-01T00:08:27.000000,a,1621,61.07,18.53
2024-01-01T00:08:27.000000,b,2578,7.32,18.82
2024-01-01T00:08:30.000000,a,1635,62.76,18.76
2024-01-01T00:08:30.000000,b,2583,9.12,18.38
2024-01-01T00:08:33.000000,a,1646,52.85,18.65
2024-01-01T00:08:33.000000,b,2588,24.88,18.87
2024-01-01T00:08:36.000000,a,1654,26.38,18.56
2024-01-01T00:08:36.000000,b,2594,10.54,18.6
2024-01-01T00:08:39.000000,a,1663,23.2,18.79
2024-01-01T00:08:39.000000,b,2599,58.9,18.63
2024-01-01T00:08:42.000000,a,1669,15.62,18.73
2024-01-01T00:08:42.000000,b,2606,32.99,18.62
2024-01-01T00:08:45.000000,a,1678,16.13,17.93
2024-01-01T00:08:45.000000,b,2620,24.12,17.91
2024-01-01T00:08:48.000000,a,1689,24.82,17.63
2024-01-01T00:08:48.000000,b,2625,24.53,17.83
2024-01-01T00:08:51.000000,a,1700,40.07,18.16
2024-01-01T00:08:51.000000,b,2632,14.45,17.82
2024-01-01T00:08:54.000000,a,1706,25.57,17.88
2024-01-01T00:08:54.000000,b,2641,26.07,17.96
2024-01-01T00:08:57.000000,a,1712,26.61,18.76
2024-01-01T00:08:57.000000,b,2646,23.92,18.27
2024-01-01T00:09:00.000000,a,1722,97.41,17.73
2024-01-01T00:09:00.000000,b,2658,15.11,17.47
2024-01-01T00:09:03.000000,a,1731,21.12,18.25
2024-01-01T00:09:03.000000,b,2670,25.28,18.03
2024-01-01T00:09:06.000000,a,1745,10.78,17.92
2024-01-01T00:09:06.000000,b,2679,31.85,17.63
2024-01-01T00:09:09.000000,a,1752,7.47,17.8
2024-01-01T00:09:09.000000,b,2689,22.91,17.93
2024-01-01T00:09:12.000000,a,1762,102.98,17.4
2024-01-01T00:09:12.000000,b,2694,27.13,17.59
2024-01-01T00:09:15.000000,a,1771,9.42,17.18
2024-01-01T00:09:15.000000,b,2706,19.94,17.27
2024-01-01T00:09:18.000000,a,1780,22.93,17.76
2024-01-01T00:09:18.000000,b,2716,29.69,17.08
2024-01-01T00:09:21.000000,a,1790,23.98,16.93
2024-01-01T00:09:21.000000,b,2726,19.8,17.14
2024-01-01T00:09:24.000000,a,1804,11.42,17.42
2024-01-01T00:09:24.000000,b,2735,22.22,16.99
2024-01-01T00:09:27.000000,a,1818,17.65,17.16
2024-01-01T00:09:27.000000,b,2747,23.66,17.19
2024-01-01T00:09:30.000000,a,1828,53.56,16.6
2024-01-01T00:09:30.000000,b,2760,52.37,17.57
2024-01-01T00:09:33.000000,a,1841,47.14,16.64
2024-01-01T00:09:33.000000,b,2765,14.59,17.06
2024-01-01T00:09:36.000000,a,1852,28.01,16.92
2024-01-01T00:09:36.000000,b,2773,8.41,17.12
2024-01-01T00:09:39.000000,a,1858,23.76,16.48
2024-01-01T00:09:39.000000,b,2784,35.62,16.29
2024-01-01T00:09:42.000000,a,1872,18.94,16.65
2024-01-01T00:09:42.000000,b,2791,12.42,17.08
2024-01-01T00:09:45.000000,a,1886,51.95,16.54
2024-01-01T00:09:45.000000,b,2797,6.98,17.08
2024-01-01T00:09:48.000000,a,1891,19.7,16.33
2024-01-01T00:09:48.000000,b,2802,7.04,17.08
2024-01-01T00:09:51.000000,a,1901,20.44,16.27
2024-01-01T00:09:51.000000,b,2808,19.62,16.91
2024-01-01T00:09:54.000000,a,1909,32.42,15.84
2024-01-01T00:09:54.000000,b,2819,5.58,16.24
2024-01-01T00:09:57.000000,a,1916,17.68,16.23
2024-01-01T00:09:57.000000,b,2832,13.04,16.51
2024-01-01T00:10:00.000000,a,1925,48.34,15.81
2024-01-01T00:10:03.000000,a,1935,13.73,16.83
2024-01-01T00:10:06.000000,a,1940,28.5,16.43
2024-01-01T00:10:09.000000,a,1947,46.42,16.09
2024-01-01T00:10:12.000000,a,1958,17.37,15.89
2024-01-01T00:10:15.000000,a,1964,33.26,16.55
2024-01-01T00:10:18.000000,a,1969,102.0,15.62
2024-01-01T00:10:21.000000,a,1975,23.36,15.89
2024-01-01T00:10:24.000000,a,1982,20.28,16.26
2024-01-01T00:10:27.000000,a,1990,36.21,15.81
2024-01-01T00:10:30.000000,a,2001,33.74,15.71
2024-01-01T00:10:33.000000,a,2010,49.97,15.57
2024-01-01T00:10:36.000000,a,2022,19.77,15.28
2024-01-01T00:10:39.000000,a,2030,28.1,15.89
2024-01-01T00:10:42.000000,a,2040,10.57,15.44
2024-01-01T00:10:45.000000,a,2054,24.78,14.97
2024-01-01T00:10:48.000000,a,2064,25.87,15.12
2024-01-01T00:10:51.000000,a,2072,18.91,15.15
2024-01-01T00:10:54.000000,a,2077,17.88,15.4
2024-01-01T00:10:57.000000,a,2084,13.46,15.59
2024-01-01T00:11:00.000000,a,2093,15.26,15.31
2024-01-01T00:11:03.000000,a,2104,21.05,15.02
2024-01-01T00:11:06.000000,a,2113,20.61,15.3
2024-01-01T00:11:09.000000,a,2123,12.14,15.16
2024-01-01T00:11:12.000000,a,2136,8.19,14.37
2024-01-01T00:11:15.000000,a,2150,14.31,14.9
2024-01-01T00:11:18.000000,a,2163,8.91,14.98
2024-01-01T00:11:21.000000,a,2175,12.85,14.61
2024-01-01T00:11:24.000000,a,2183,65.55,15.07
2024-01-01T00:11:27.000000,a,2191,21.47,15.05
2024-01-01T00:11:30.000000,a,2198,24.43,14.36
2024-01-01T00:11:33.000000,a,2206,30.69,15.22
2024-01-01T00:11:36.000000,a,2218,22.04,15.52
2024-01-01T00:11:39.000000,a,2224,23.33,14.96
2024-01-01T00:11:42.000000,a,2231,13.84,15.53
2024-01-01T00:11:45.000000,a,2237,12.24,15.56
2024-01-01T00:11:48.000000,a,2246,34.59,14.97
2024-01-01T00:11:51.000000,a,2251,78.28,15.43
2024-01-01T00:11:54.000000,a,2258,14.89,15.14
2024-01-01T00:11:57.000000,a,2270,16.98,14.35
2024-01-01T00:12:00.000000,a,2278,29.92,15.03
2024-01-01T00:12:03.000000,a,2286,10.05,15.14
2024-01-01T00:12:06.000000,a,2300,19.05,14.69
2024-01-01T00:12:09.000000,a,2312,35.57,15.11
2024-01-01T00:12:12.000000,a,2323,9.69,15.31
2024-01-01T00:12:15.000000,a,2329,36.78,14.88
2024-01-01T00:12:18.000000,a,2343,5.52,15.16
2024-01-01T00:12:21.000000,a,2348,34.01,15.0
2024-01-01T00:12:24.000000,a,2353,20.35,14.94
2024-01-01T00:12:27.000000,a,2360,9.22,14.95
2024-01-01T00:12:30.000000,a,2371,26.78,15.13
2024-01-01T00:12:33.000000,a,2377,40.77,15.01
2024-01-01T00:12:36.000000,a,2390,12.5,15.28
2024-01-01T00:12:39.000000,a,2396,29.86,15.4
2024-01-01T00:12:42.000000,a,2401,6.65,14.94
2024-01-01T00:12:45.000000,a,2409,19.5,15.29
2024-01-01T00:12:48.000000,a,2416,33.74,15.17
2024-01-01T00:12:51.000000,a,2422,5.27,15.77
2024-01-01T00:12:54.000000,a,2429,13.45,14.96
2024-01-01T00:12:57.000000,a,2434,25.25,15.77
2024-01-01T00:13:00.000000,a,2440,17.61,15.49
2024-01-01T00:13:00.000000,b,2842,6.66,15.04
2024-01-01T00:13:03.000000,a,2449,29.31,15.57
2024-01-01T00:13:03.000000,b,2855,29.54,15.95
2024-01-01T00:13:06.000000,a,2455,14.66,15.72
2024-01-01T00:13:06.000000,b,2864,35.32,15.7
2024-01-01T00:13:09.000000,a,2461,15.96,15.53
2024-01-01T00:13:09.000000,b,2875,45.95,15.67
2024-01-01T00:13:12.000000,a,2472,39.87,15.76
2024-01-01T00:13:12.000000,b,2880,9.59,16.3
2024-01-01T00:13:15.000000,a,2478,4.63,16.12
2024-01-01T00:13:15.000000,b,2886,11.58,16.07
2024-01-01T00:13:18.000000,a,2483,14.92,15.73
2024-01-01T00:13:18.000000,b,2898,5.99,16.29
2024-01-01T00:13:21.000000,a,2496,15.53,16.43
2024-01-01T00:13:21.000000,b,2905,8.04,15.52
2024-01-01T00:13:24.000000,a,2509,25.4,16.13
2024-01-01T00:13:24.000000,b,2913,24.26,16.4
2024-01-01T00:13:27.000000,a,2521,13.19,15.91
2024-01-01T00:13:27.000000,b,2925,16.88,16.3
2024-01-01T00:13:30.000000,a,2530,24.51,16.15
2024-01-01T00:13:30.000000,b,2936,19.62,16.67
2024-01-01T00:13:33.000000,a,2541,7.07,16.63
2024-01-01T00:13:33.000000,b,2945,43.31,16.17
2024-01-01T00:13:36.000000,a,2550,31.9,16.85
2024-01-01T00:13:36.000000,b,2952,12.79,16.19
2024-01-01T00:13:39.000000,a,2556,14.16,16.52
2024-01-01T00:13:39.000000,b,2957,9.64,16.75
2024-01-01T00:13:42.000000,a,2564,40.16,16.69
2024-01-01T00:13:42.000000,b,2969,24.9,16.28
2024-01-01T00:13:45.000000,a,2578,16.74,16.6
2024-01-01T00:13:45.000000,b,2983,12.16,16.26
2024-01-01T00:13:48.000000,a,2587,57.21,16.6
2024-01-01T00:13:48.000000,b,2990,13.24,16.47
2024-01-01T00:13:51.000000,a,2599,7.3,17.03
2024-01-01T00:13:51.000000,b,3002,28.28,16.34
2024-01-01T00:13:54.000000,a,2605,11.36,16.65
2024-01-01T00:13:54.000000,b,3007,32.07,16.54
2024-01-01T00:13:57.000000,a,2613,16.79,16.62
2024-01-01T00:13:57.000000,b,3019,41.66,16.79
2024-01-01T00:14:00.000000,a,2622,23.68,16.74
2024-01-01T00:14:00.000000,b,3026,20.58,16.32
2024-01-01T00:14:03.000000,a,2627,35.18,17.02
2024-01-01T00:14:03.000000,b,3034,20.51,17.32
2024-01-01T00:14:06.000000,a,2637,16.92,17.09
2024-01-01T00:14:06.000000,b,3044,20.7,17.6
2024-01-01T00:14:09.000000,a,2648,20.31,17.12
2024-01-01T00:14:09.000000,b,3049,17.66,17.45
2024-01-01T00:14:12.000000,a,2653,8.2,16.93
2024-01-01T00:14:12.000000,b,3063,9.83,16.82
2024-01-01T00:14:15.000000,a,2658,19.84,17.37
2024-01-01T00:14:15.000000,b,3074,11.03,17.53
2024-01-01T00:14:18.000000,a,2665,11.2,16.96
2024-01-01T00:14:18.000000,b,3082,56.27,17.29
2024-01-01T00:14:21.000000,a,2672,8.99,17.67
2024-01-01T00:14:21.000000,b,3092,12.44,17.06
2024-01-01T00:14:24.000000,a,2679,25.14,17.36
2024-01-01T00:14:24.000000,b,3102,42.58,18.02
2024-01-01T00:14:27.000000,a,2686,12.72,17.79
2024-01-01T00:14:27.000000,b,3112,14.79,17.08
2024-01-01T00:14:30.000000,a,2695,6.4,17.51
2024-01-01T00:14:30.000000,b,3123,4.8,17.88
2024-01-01T00:14:33.000000,a,2708,29.11,17.44
2024-01-01T00:14:33.000000,b,3130,21.32,17.72
2024-01-01T00:14:36.000000,a,2715,20.72,18.02
2024-01-01T00:14:36.000000,b,3139,14.92,18.13
2024-01-01T00:14:39.000000,a,2722,12.23,17.85
2024-01-01T00:14:39.000000,b,3147,32.26,17.98
2024-01-01T00:14:42.000000,a,2735,10.99,17.64
2024-01-01T00:14:42.000000,b,3160,9.0,18.23
2024-01-01T00:14:45.000000,a,2746,26.58,18.63
2024-01-01T00:14:45.000000,b,3171,23.88,18.17
2024-01-01T00:14:48.000000,a,2756,12.21,17.54
2024-01-01T00:14:48.000000,b,3181,21.41,17.85
2024-01-01T00:14:51.000000,a,2767,20.96,18.29
2024-01-01T00:14:51.000000,b,3191,4.56,17.9
2024-01-01T00:14:54.000000,a,2775,22.56,18.45
2024-01-01T00:14:54.000000,b,3203,12.61,18.02
2024-01-01T00:14:57.000000,a,2788,16.8,18.65
2024-01-01T00:14:57.000000,b,3214,18.62,18.19
2024-01-01T00:15:00.000000,a,2796,9.15,18.61
2024-01-01T00:15:00.000000,b,3224,39.09,18.45
2024-01-01T00:15:03.000000,a,2809,30.11,18.49
2024-01-01T00:15:03.000000,b,3237,18.81,18.1
2024-01-01T00:15:06.000000,a,2822,23.33,19.5
2024-01-01T00:15:06.000000,b,3249,29.63,19.47
2024-01-01T00:15:09.000000,a,2832,23.8,18.27
2024-01-01T00:15:09.000000,b,3256,24.16,19.21
2024-01-01T00:15:12.000000,a,2844,73.45,18.81
2024-01-01T00:15:12.000000,b,3261,50.94,19.33
2024-01-01T00:15:15.000000,a,2858,26.32,18.97
2024-01-01T00:15:15.000000,b,3272,87.16,19.26
2024-01-01T00:15:18.000000,a,2866,24.97,18.73
2024-01-01T00:15:18.000000,b,3281,27.41,19.19
2024-01-01T00:15:21.000000,a,2875,39.3,19.36
2024-01-01T00:15:21.000000,b,3292,28.53,19.62
2024-01-01T00:15:24.000000,a,2889,14.83,18.88
2024-01-01T00:15:24.000000,b,3304,23.63,19.34
2024-01-01T00:15:27.000000,a,2900,18.11,19.9
2024-01-01T00:15:27.000000,b,3309,32.88,19.65
2024-01-01T00:15:30.000000,a,2914,41.8,19.59
2024-01-01T00:15:30.000000,b,3319,10.25,19.95
2024-01-01T00:15:33.000000,a,2919,29.64,20.1
2024-01-01T00:15:33.000000,b,3328,11.89,19.79
2024-01-01T00:15:36.000000,a,2925,28.96,19.98
2024-01-01T00:15:36.000000,b,3333,9.77,19.2
2024-01-01T00:15:39.000000,a,2934,41.62,19.98
2024-01-01T00:15:39.000000,b,3342,29.11,20.13
2024-01-01T00:15:42.000000,a,2944,34.48,20.48
2024-01-01T00:15:42.000000,b,3348,12.13,20.16
2024-01-01T00:15:45.000000,a,2951,38.53,20.07
2024-01-01T00:15:45.000000,b,3361,22.77,20.05
2024-01-01T00:15:48.000000,a,2963,13.37,20.3
2024-01-01T00:15:48.000000,b,3372,16.68,19.78
2024-01-01T00:15:51.000000,a,2972,11.69,20.4
2024-01-01T00:15:51.000000,b,3377,22.93,20.61
2024-01-01T00:15:54.000000,a,2980,31.4,20.59
2024-01-01T00:15:54.000000,b,3390,8.89,20.07
2024-01-01T00:15:57.000000,a,2989,7.23,20.39
2024-01-01T00:15:57.000000,b,3404,10.22,20.85
2024-01-01T00:16:00.000000,a,2995,19.14,20.48
2024-01-01T00:16:00.000000,b,3411,23.28,20.25
2024-01-01T00:16:03.000000,a,3001,3.65,20.53
2024-01-01T00:16:03.000000,b,3423,15.33,20.4
2024-01-01T00:16:06.000000,a,3006,29.23,21.46
2024-01-01T00:16:06.000000,b,3428,11.41,21.17
2024-01-01T00:16:09.000000,a,3017,9.0,21.31
2024-01-01T00:16:09.000000,b,3442,35.89,21.28
2024-01-01T00:16:12.000000,a,3025,39.33,21.36
2024-01-01T00:16:12.000000,b,3456,14.52,21.43
2024-01-01T00:16:15.000000,a,3033,15.21,20.96
2024-01-01T00:16:15.000000,b,3461,25.18,21.0
2024-01-01T00:16:18.000000,a,3043,22.2,21.27
2024-01-01T00:16:18.000000,b,3470,10.29,21.75
2024-01-01T00:16:21.000000,a,3052,13.92,21.01
2024-01-01T00:16:21.000000,b,3484,20.86,21.54
2024-01-01T00:16:24.000000,a,3060,10.38,21.43
2024-01-01T00:16:24.000000,b,3490,21.1,21.59
2024-01-01T00:16:27.000000,a,3065,26.34,21.36
2024-01-01T00:16:27.000000,b,3500,16.45,21.13
2024-01-01T00:16:30.000000,a,3070,12.61,21.58
2024-01-01T00:16:30.000000,b,3510,28.53,21.13
2024-01-01T00:16:33.000000,a,3079,14.65,21.6
2024-01-01T00:16:33.000000,b,3517,28.06,21.69
2024-01-01T00:16:36.000000,a,3087,9.66,22.1
2024-01-01T00:16:36.000000,b,3526,21.38,21.7
2024-01-01T00:16:39.000000,a,3099,28.15,22.07
2024-01-01T00:16:39.000000,b,3531,20.65,21.94
2024-01-01T00:16:42.000000,a,3106,28.28,22.13
2024-01-01T00:16:42.000000,b,3538,24.68,21.85
2024-01-01T00:16:45.000000,a,3112,22.8,22.18
2024-01-01T00:16:45.000000,b,3550,24.29,22.04
2024-01-01T00:16:48.000000,a,3121,13.86,22.07
2024-01-01T00:16:48.000000,b,3555,48.94,21.64
2024-01-01T00:16:51.000000,a,3130,8.29,22.09
2024-01-01T00:16:51.000000,b,3568,44.12,21.58
2024-01-01T00:16:54.000000,a,3141,17.9,21.9
2024-01-01T00:16:54.000000,b,3582,18.49,22.26
2024-01-01T00:16:57.000000,a,3151,21.0,22.54
2024-01-01T00:16:57.000000,b,3594,18.08,22.78
2024-01-01T00:17:00.000000,a,3159,18.42,22.65
2024-01-01T00:17:00.000000,b,3604,24.84,22.57
2024-01-01T00:17:03.000000,a,3165,22.5,23.02
2024-01-01T00:17:03.000000,b,3617,70.48,22.34
2024-01-01T00:17:06.000000,a,3174,85.53,22.2
2024-01-01T00:17:06.000000,b,3626,26.87,22.94
2024-01-01T00:17:09.000000,a,3181,18.4,22.71
2024-01-01T00:17:09.000000,b,3631,17.26,22.83
2024-01-01T00:17:12.000000,a,3191,26.61,22.53
2024-01-01T00:17:12.000000,b,3637,9.1,23.1
2024-01-01T00:17:15.000000,a,3200,39.94,23.09
2024-01-01T00:17:15.000000,b,3649,30.6,23.04
2024-01-01T00:17:18.000000,a,3210,25.92,23.07
2024-01-01T00:17:18.000000,b,3657,10.45,23.04
2024-01-01T00:17:21.000000,a,3220,11.73,22.84
2024-01-01T00:17:21.000000,b,3666,6.09,22.65
2024-01-01T00:17:24.000000,a,3228,39.52,23.47
2024-01-01T00:17:24.000000,b,3677,21.97,23.11
2024-01-01T00:17:27.000000,a,3234,16.18,23.28
2024-01-01T00:17:27.000000,b,3691,25.23,23.26
2024-01-01T00:17:30.000000,a,3239,26.9,22.89
2024-01-01T00:17:30.000000,b,3704,51.52,22.99
2024-01-01T00:17:33.000000,a,3250,9.12,23.75
2024-01-01T00:17:33.000000,b,3710,23.65,23.51
2024-01-01T00:17:36.000000,a,3255,10.29,23.56
2024-01-01T00:17:36.000000,b,3718,8.51,23.15
2024-01-01T00:17:39.000000,a,3261,18.28,23.67
2024-01-01T00:17:39.000000,b,3726,11.61,23.36
2024-01-01T00:17:42.000000,a,3272,21.42,23.18
2024-01-01T00:17:42.000000,b,3739,33.47,23.49
2024-01-01T00:17:45.000000,a,3284,15.33,23.56
2024-01-01T00:17:45.000000,b,3746,15.57,23.77
2024-01-01T00:17:48.000000,a,3294,37.18,23.85
2024-01-01T00:17:48.000000,b,3755,37.25,23.28
2024-01-01T00:17:51.000000,a,3308,24.52,23.7
2024-01-01T00:17:51.000000,b,3760,29.41,23.54
2024-01-01T00:17:54.000000,a,3322,11.27,24.25
2024-01-01T00:17:54.000000,b,3772,8.69,23.98
2024-01-01T00:17:57.000000,a,3333,9.12,24.45
2024-01-01T00:17:57.000000,b,3782,16.46,23.9
2024-01-01T00:18:00.000000,a,3341,11.34,23.97
2024-01-01T00:18:00.000000,b,3788,43.97,24.02
2024-01-01T00:18:03.000000,a,3355,42.42,24.32
2024-01-01T00:18:03.000000,b,3799,18.65,23.77
2024-01-01T00:18:06.000000,a,3363,13.13,24.17
2024-01-01T00:18:06.000000,b,3813,9.1,24.0
2024-01-01T00:18:09.000000,a,3368,28.51,23.73
2024-01-01T00:18:09.000000,b,3825,41.62,24.55
2024-01-01T00:18:12.000000,a,3373,8.87,24.36
2024-01-01T00:18:12.000000,b,3833,10.79,23.92
2024-01-01T00:18:15.000000,a,3387,105.43,23.76
2024-01-01T00:18:15.000000,b,3845,35.7,23.77
2024-01-01T00:18:18.000000,a,3398,8.05,24.27
2024-01-01T00:18:18.000000,b,3851,7.1,24.26
2024-01-01T00:18:21.000000,a,3403,9.95,24.89
2024-01-01T00:18:21.000000,b,3857,20.24,24.6
2024-01-01T00:18:24.000000,a,3413,13.77,24.08
2024-01-01T00:18:24.000000,b,3871,31.1,24.92
2024-01-01T00:18:27.000000,a,3420,24.03,24.54
2024-01-01T00:18:27.000000,b,3881,70.55,24.65
2024-01-01T00:18:30.000000,a,3431,18.11,24.56
2024-01-01T00:18:30.000000,b,3892,27.87,24.4
2024-01-01T00:18:33.000000,a,3441,15.59,24.8
2024-01-01T00:18:33.000000,b,3905,24.54,24.49
2024-01-01T00:18:36.000000,a,3448,16.13,24.2
2024-01-01T00:18:36.000000,b,3912,14.79,23.98
2024-01-01T00:18:39.000000,a,3462,19.39,24.21
2024-01-01T00:18:39.000000,b,3925,18.4,24.24
2024-01-01T00:18:42.000000,a,3476,58.19,24.53
2024-01-01T00:18:42.000000,b,3936,27.0,25.01
2024-01-01T00:18:45.000000,a,3481,16.81,24.81
2024-01-01T00:18:45.000000,b,3944,24.81,24.95
2024-01-01T00:18:48.000000,a,3489,26.43,24.67
2024-01-01T00:18:48.000000,b,3950,11.44,24.8
2024-01-01T00:18:51.000000,a,3500,36.44,25.24
2024-01-01T00:18:51.000000,b,3957,53.32,24.89
2024-01-01T00:18:54.000000,a,3505,19.91,24.88
2024-01-01T00:18:54.000000,b,3962,14.63,25.5
2024-01-01T00:18:57.000000,a,3519,11.01,25.03
2024-01-01T00:18:57.000000,b,3976,28.23,25.17
2024-01-01T00:19:00.000000,a,3531,15.02,24.58
2024-01-01T00:19:00.000000,b,3985,10.27,25.19
2024-01-01T00:19:03.000000,a,3543,12.9,24.88
2024-01-01T00:19:03.000000,b,3995,13.64,25.07
2024-01-01T00:19:06.000000,a,3553,11.38,25.19
2024-01-01T00:19:06.000000,b,4007,123.12,24.73
2024-01-01T00:19:09.000000,a,3561,35.5,25.14
2024-01-01T00:19:09.000000,b,4015,17.79,24.9
2024-01-01T00:19:12.000000,a,3574,23.34,24.92
2024-01-01T00:19:12.000000,b,4026,10.71,24.91
2024-01-01T00:19:15.000000,a,3581,44.62,24.82
2024-01-01T00:19:15.000000,b,4039,45.1,25.23
2024-01-01T00:19:18.000000,a,3594,14.07,24.82
2024-01-01T00:19:18.000000,b,4052,46.85,25.2
2024-01-01T00:19:21.000000,a,3605,10.45,24.66
2024-01-01T00:19:21.000000,b,4062,20.34,25.03
2024-01-01T00:19:24.000000,a,3614,17.86,24.75
2024-01-01T00:19:24.000000,b,4070,26.98,24.85
2024-01-01T00:19:27.000000,a,3624,9.46,24.61
2024-01-01T00:19:27.000000,b,4083,14.34,25.2
2024-01-01T00:19:30.000000,a,3636,43.65,25.13
2024-01-01T00:19:30.000000,b,4097,32.7,25.23
2024-01-01T00:19:33.000000,a,3650,34.06,25.25
2024-01-01T00:19:33.000000,b,4111,55.31,24.48
2024-01-01T00:19:36.000000,a,3656,61.43,24.93
2024-01-01T00:19:36.000000,b,4122,23.57,25.11
2024-01-01T00:19:39.000000,a,3664,10.87,24.62
2024-01-01T00:19:39.000000,b,4131,58.64,25.6
2024-01-01T00:19:42.000000,a,3677,26.42,25.15
2024-01-01T00:19:42.000000,b,4138,25.43,24.74
2024-01-01T00:19:45.000000,a,3685,15.27,24.97
2024-01-01T00:19:45.000000,b,4152,26.79,25.18
2024-01-01T00:19:48.000000,a,3698,11.09,25.44
2024-01-01T00:19:48.000000,b,4162,29.34,25.01
2024-01-01T00:19:51.000000,a,3709,18.17,25.11
2024-01-01T00:19:51.000000,b,4171,30.34,24.92
2024-01-01T00:19:54.000000,a,3719,26.5,24.48
2024-01-01T00:19:54.000000,b,4176,21.06,25.12
2024-01-01T00:19:57.000000,a,3728,13.49,24.65
2024-01-01T00:19:57.000000,b,4188,26.29,25.34
2024-01-01T00:20:00.000000,a,3,24.71,24.29
2024-01-01T00:20:00.000000,b,4194,35.13,25.72
2024-01-01T00:20:03.000000,a,12,23.16,24.68
2024-01-01T00:20:03.000000,b,4204,23.21,25.03
2024-01-01T00:20:06.000000,a,18,9.57,25.32
2024-01-01T00:20:06.000000,b,4217,21.9,25.34
2024-01-01T00:20:09.000000,a,32,34.55,25.3
2024-01-01T00:20:09.000000,b,4227,52.77,24.62
2024-01-01T00:20:12.000000,a,46,10.08,24.35
2024-01-01T00:20:12.000000,b,4239,31.79,25.04
2024-01-01T00:20:15.000000,a,57,18.51,24.48
2024-01-01T00:20:15.000000,b,4248,13.01,25.25
2024-01-01T00:20:18.000000,a,68,40.3,24.43
2024-01-01T00:20:18.000000,b,4262,8.66,24.54
2024-01-01T00:20:21.000000,a,78,20.75,24.73
2024-01-01T00:20:21.000000,b,4274,52.48,24.79
2024-01-01T00:20:24.000000,a,87,23.45,25.24
2024-01-01T00:20:24.000000,b,4284,41.4,25.05
2024-01-01T00:20:27.000000,a,101,19.74,24.49
2024-01-01T00:20:27.000000,b,4291,16.91,24.42
2024-01-01T00:20:30.000000,a,112,11.53,24.34
2024-01-01T00:20:30.000000,b,4297,48.34,23.91
2024-01-01T00:20:33.000000,a,122,19.59,24.78
2024-01-01T00:20:33.000000,b,4309,46.61,24.71
2024-01-01T00:20:36.000000,a,130,12.29,24.92
2024-01-01T00:20:36.000000,b,4318,40.81,24.5
2024-01-01T00:20:39.000000,a,137,7.94,24.22
2024-01-01T00:20:39.000000,b,4324,56.27,24.8
2024-01-01T00:20:42.000000,a,146,14.7,24.17
2024-01-01T00:20:42.000000,b,4330,11.03,24.2
2024-01-01T00:20:45.000000,a,156,38.33,24.32
2024-01-01T00:20:45.000000,b,4341,29.47,24.74
2024-01-01T00:20:48.000000,a,165,32.93,25.0
2024-01-01T00:20:48.000000,b,4354,20.63,24.44
2024-01-01T00:20:51.000000,a,173,43.26,24.08
2024-01-01T00:20:51.000000,b,4363,8.49,23.94
2024-01-01T00:20:54.000000,a,179,40.2,24.17
2024-01-01T00:20:54.000000,b,4376,8.91,24.2
2024-01-01T00:20:57.000000,a,190,8.94,24.04
2024-01-01T00:20:57.000000,b,4381,22.16,24.39
2024-01-01T00:21:00.000000,a,202,20.8,24.2
2024-01-01T00:21:00.000000,b,4389,5.48,24.23
2024-01-01T00:21:03.000000,a,213,13.73,24.61
2024-01-01T00:21:03.000000,b,4395,66.88,23.89
2024-01-01T00:21:06.000000,a,225,17.03,23.88
2024-01-01T00:21:06.000000,b,4401,35.81,23.64
2024-01-01T00:21:09.000000,a,230,50.17,24.17
2024-01-01T00:21:09.000000,b,4411,14.23,24.03
2024-01-01T00:21:12.000000,a,236,13.24,23.94
2024-01-01T00:21:12.000000,b,4418,14.68,24.18
2024-01-01T00:21:15.000000,a,241,8.14,24.04
2024-01-01T00:21:15.000000,b,4427,13.75,23.81
2024-01-01T00:21:18.000000,a,246,55.42,23.89
2024-01-01T00:21:18.000000,b,4437,16.1,24.08
2024-01-01T00:21:21.000000,a,256,24.55,23.69
2024-01-01T00:21:21.000000,b,4447,9.6,22.99
2024-01-01T00:21:24.000000,a,266,32.94,23.96
2024-01-01T00:21:24.000000,b,4459,33.87,23.8
2024-01-01T00:21:27.000000,a,273,11.07,23.67
2024-01-01T00:21:27.000000,b,4468,27.12,24.44
2024-01-01T00:21:30.000000,a,284,8.16,23.65
2024-01-01T00:21:30.000000,b,4479,20.4,23.92
2024-01-01T00:21:33.000000,a,293,18.51,23.84
2024-01-01T00:21:33.000000,b,4484,40.98,23.32
2024-01-01T00:21:36.000000,a,299,11.41,23.99
2024-01-01T00:21:36.000000,b,4489,18.42,23.06
2024-01-01T00:21:39.000000,a,308,35.39,23.8
2024-01-01T00:21:39.000000,b,4498,28.52,23.65
2024-01-01T00:21:42.000000,a,319,60.06,22.87
2024-01-01T00:21:42.000000,b,4503,28.91,23.11
2024-01-01T00:21:45.000000,a,333,16.99,23.24
2024-01-01T00:21:45.000000,b,4508,65.74,23.25
2024-01-01T00:21:48.000000,a,338,19.74,23.44
2024-01-01T00:21:48.000000,b,4516,14.57,23.06
2024-01-01T00:21:51.000000,a,352,73.78,22.84
2024-01-01T00:21:51.000000,b,4524,22.79,23.03
2024-01-01T00:21:54.000000,a,365,13.79,23.33
2024-01-01T00:21:54.000000,b,4538,20.38,23.36
2024-01-01T00:21:57.000000,a,377,30.95,23.42
2024-01-01T00:21:57.000000,b,4549,19.93,22.6
2024-01-01T00:22:00.000000,a,386,27.34,23.21
2024-01-01T00:22:00.000000,b,4556,18.26,22.8
2024-01-01T00:22:03.000000,a,399,6.54,22.95
2024-01-01T00:22:03.000000,b,4566,12.53,23.18
2024-01-01T00:22:06.000000,a,413,17.33,22.4
2024-01-01T00:22:06.000000,b,4577,14.1,22.01
2024-01-01T00:22:09.000000,a,427,16.62,22.36
2024-01-01T00:22:09.000000,b,4591,8.33,22.6
2024-01-01T00:22:12.000000,a,439,8.16,22.41
2024-01-01T00:22:12.000000,b,4603,3.07,22.65
2024-01-01T00:22:15.000000,a,444,40.36,22.18
2024-01-01T00:22:15.000000,b,4617,20.33,22.84
2024-01-01T00:22:18.000000,a,453,13.81,22.4
2024-01-01T00:22:18.000000,b,4626,34.52,22.86
2024-01-01T00:22:21.000000,a,459,10.78,21.86
2024-01-01T00:22:21.000000,b,4633,29.86,22.06
2024-01-01T00:22:24.000000,a,468,7.98,22.52
2024-01-01T00:22:24.000000,b,4646,21.19,22.15
2024-01-01T00:22:27.000000,a,475,29.2,22.19
2024-01-01T00:22:27.000000,b,4656,26.88,22.31
2024-01-01T00:22:30.000000,a,482,37.95,21.91
2024-01-01T00:22:30.000000,b,4668,18.57,21.74
2024-01-01T00:22:33.000000,a,489,6.93,22.21
2024-01-01T00:22:33.000000,b,4677,31.51,21.42
2024-01-01T00:22:36.000000,a,501,27.02,21.83
2024-01-01T00:22:36.000000,b,4682,29.81,22.0
2024-01-01T00:22:39.000000,a,511,50.5,21.89
2024-01-01T00:22:39.000000,b,4693,43.83,22.09
2024-01-01T00:22:42.000000,a,518,19.42,21.49
2024-01-01T00:22:42.000000,b,4702,7.86,21.54
2024-01-01T00:22:45.000000,a,532,23.02,21.4
2024-01-01T00:22:45.000000,b,4714,20.67,21.71
2024-01-01T00:22:48.000000,a,538,27.96,21.46
2024-01-01T00:22:48.000000,b,4722,6.4,22.11
2024-01-01T00:22:51.000000,a,552,46.21,21.33
2024-01-01T00:22:51.000000,b,4736,6.72,21.26
2024-01-01T00:22:54.000000,a,562,20.02,21.46
2024-01-01T00:22:54.000000,b,4748,13.53,21.49
2024-01-01T00:22:57.000000,a,571,16.48,20.93
2024-01-01T00:22:57.000000,b,4760,12.31,21.33
2024-01-01T00:23:00.000000,a,582,26.96,21.26
2024-01-01T00:23:00.000000,b,4767,25.45,21.18
2024-01-01T00:23:03.000000,a,595,42.15,20.41
2024-01-01T00:23:03.000000,b,4776,22.61,20.41
2024-01-01T00:23:06.000000,a,608,26.96,20.91
2024-01-01T00:23:06.000000,b,4781,19.4,21.07
2024-01-01T00:23:09.000000,a,614,11.53,20.77
2024-01-01T00:23:09.000000,b,4790,26.81,21.42
2024-01-01T00:23:12.000000,a,623,15.16,20.78
2024-01-01T00:23:12.000000,b,4798,5.19,20.93
2024-01-01T00:23:15.000000,a,631,15.41,20.45
2024-01-01T00:23:15.000000,b,4811,35.86,20.65
2024-01-01T00:23:18.000000,a,643,16.38,20.61
2024-01-01T00:23:18.000000,b,4819,22.56,20.3
2024-01-01T00:23:21.000000,a,648,56.16,20.3
2024-01-01T00:23:21.000000,b,4833,21.48,20.18
2024-01-01T00:23:24.000000,a,661,6.58,20.05
2024-01-01T00:23:24.000000,b,4840,5.42,20.38
2024-01-01T00:23:27.000000,a,671,10.7,20.3
2024-01-01T00:23:27.000000,b,4852,39.35,19.84
2024-01-01T00:23:30.000000,a,680,19.44,19.63
2024-01-01T00:23:30.000000,b,4860,15.3,20.07
2024-01-01T00:23:33.000000,a,690,24.77,20.41
2024-01-01T00:23:33.000000,b,4866,20.29,20.36
2024-01-01T00:23:36.000000,a,697,27.57,19.79
2024-01-01T00:23:36.000000,b,4873,16.47,20.17
2024-01-01T00:23:39.000000,a,705,15.84,19.79
2024-01-01T00:23:39.000000,b,4885,12.54,19.77
2024-01-01T00:23:42.000000,a,710,20.31,19.29
2024-01-01T00:23:42.000000,b,4899,16.48,19.48
2024-01-01T00:23:45.000000,a,718,9.42,19.42
2024-01-01T00:23:45.000000,b,4906,28.16,19.76
2024-01-01T00:23:48.000000,a,732,13.24,19.71
2024-01-01T00:23:48.000000,b,4913,9.65,19.3
2024-01-01T00:23:51.000000,a,737,8.9,19.2
2024-01-01T00:23:51.000000,b,4926,31.65,19.2
2024-01-01T00:23:54.000000,a,749,41.16,19.31
2024-01-01T00:23:54.000000,b,4939,36.61,19.38
2024-01-01T00:23:57.000000,a,762,8.61,18.88
2024-01-01T00:23:57.000000,b,4950,47.54,19.53
2024-01-01T00:24:00.000000,a,773,8.62,18.67
2024-01-01T00:24:00.000000,b,4963,12.32,19.65
2024-01-01T00:24:03.000000,a,780,12.67,19.21
2024-01-01T00:24:03.000000,b,4968,7.18,19.32
2024-01-01T00:24:06.000000,a,790,17.99,18.81
2024-01-01T00:24:06.000000,b,4982,14.31,18.4
2024-01-01T00:24:09.000000,a,795,10.58,19.48
2024-01-01T00:24:09.000000,b,4993,43.42,18.62
2024-01-01T00:24:12.000000,a,800,58.09,19.01
2024-01-01T00:24:12.000000,b,5007,20.7,18.99
2024-01-01T00:24:15.000000,a,810,16.73,18.08
2024-01-01T00:24:15.000000,b,5021,14.49,18.54
2024-01-01T00:24:18.000000,a,820,27.08,18.35
2024-01-01T00:24:18.000000,b,5030,90.2,18.68
2024-01-01T00:24:21.000000,a,825,31.05,18.5
2024-01-01T00:24:21.000000,b,5043,19.99,18.56
2024-01-01T00:24:24.000000,a,830,9.38,17.67
2024-01-01T00:24:24.000000,b,5056,34.3,18.37
2024-01-01T00:24:27.000000,a,843,27.44,18.52
2024-01-01T00:24:27.000000,b,5061,7.71,17.91
2024-01-01T00:24:30.000000,a,850,47.47,18.18
2024-01-01T00:24:30.000000,b,5069,21.11,18.73
2024-01-01T00:24:33.000000,a,863,8.3,18.38
2024-01-01T00:24:33.000000,b,5078,6.01,18.07
2024-01-01T00:24:36.000000,a,870,11.15,17.93
2024-01-01T00:24:36.000000,b,5088,13.95,18.19
2024-01-01T00:24:39.000000,a,875,31.37,17.56
2024-01-01T00:24:39.000000,b,5100,48.62,17.86
2024-01-01T00:24:42.000000,a,886,28.17,17.5
2024-01-01T00:24:42.000000,b,5105,35.94,17.84
2024-01-01T00:24:45.000000,a,900,28.73,17.4
2024-01-01T00:24:45.000000,b,5117,22.52,18.06
2024-01-01T00:24:48.000000,a,912,8.47,18.11
2024-01-01T00:24:48.000000,b,5122,31.77,18.14
2024-01-01T00:24:51.000000,a,923,18.15,17.36
2024-01-01T00:24:51.000000,b,5130,12.74,17.62
2024-01-01T00:24:54.000000,a,931,16.1,17.72
2024-01-01T00:24:54.000000,b,5143,30.61,17.5
2024-01-01T00:24:57.000000,a,944,25.07,17.34
2024-01-01T00:24:57.000000,b,5156,6.77,17.31
2024-01-01T00:25:00.000000,a,957,27.28,17.65
2024-01-01T00:25:00.000000,b,5161,9.63,17.07
2024-01-01T00:25:03.000000,a,968,15.14,17.27
2024-01-01T00:25:03.000000,b,5167,22.62,16.59
2024-01-01T00:25:06.000000,a,976,21.62,17.22
2024-01-01T00:25:06.000000,b,5174,24.09,17.26
2024-01-01T00:25:09.000000,a,982,17.54,16.79
2024-01-01T00:25:09.000000,b,5184,5.2,17.22
2024-01-01T00:25:12.000000,a,996,14.43,17.2
2024-01-01T00:25:12.000000,b,5189,56.35,16.91
2024-01-01T00:25:15.000000,a,1002,13.98,17.06
2024-01-01T00:25:15.000000,b,5201,22.82,17.0
2024-01-01T00:25:18.000000,a,1011,28.74,17.2
2024-01-01T00:25:18.000000,b,5208,21.2,16.75
2024-01-01T00:25:21.000000,a,1021,87.05,17.05
2024-01-01T00:25:21.000000,b,5216,16.57,16.66
2024-01-01T00:25:24.000000,a,1027,22.03,16.53
2024-01-01T00:25:24.000000,b,5221,17.94,16.76
2024-01-01T00:25:27.000000,a,1032,16.31,16.62
2024-01-01T00:25:27.000000,b,5229,31.39,17.04
2024-01-01T00:25:30.000000,a,1042,25.25,16.25
2024-01-01T00:25:30.000000,b,5234,26.33,15.78
2024-01-01T00:25:33.000000,a,1055,45.28,16.4
2024-01-01T00:25:33.000000,b,5243,22.17,16.64
2024-01-01T00:25:36.000000,a,1066,49.2,15.97
2024-01-01T00:25:36.000000,b,5249,22.64,16.61
2024-01-01T00:25:39.000000,a,1072,20.45,16.44
2024-01-01T00:25:39.000000,b,5263,27.41,16.16
2024-01-01T00:25:42.000000,a,1081,18.4,16.38
2024-01-01T00:25:42.000000,b,5272,24.5,16.63
2024-01-01T00:25:45.000000,a,1095,27.13,16.29
2024-01-01T00:25:45.000000,b,5279,18.81,15.71
2024-01-01T00:25:48.000000,a,1101,33.06,16.15
2024-01-01T00:25:48.000000,b,5286,60.42,15.86
2024-01-01T00:25:51.000000,a,1112,22.05,16.08
2024-01-01T00:25:51.000000,b,5291,29.89,16.21
2024-01-01T00:25:54.000000,a,1120,40.44,16.17
2024-01-01T00:25:54.000000,b,5300,21.83,16.01
2024-01-01T00:25:57.000000,a,1126,81.25,15.87
2024-01-01T00:25:57.000000,b,5311,6.64,15.99
2024-01-01T00:26:00.000000,a,1137,30.34,16.15
2024-01-01T00:26:00.000000,b,5317,8.73,16.65
2024-01-01T00:26:03.000000,a,1148,41.83,16.09
2024-01-01T00:26:03.000000,b,5326,18.8,15.33
2024-01-01T00:26:06.000000,a,1156,13.96,15.65
2024-01-01T00:26:06.000000,b,5337,24.94,15.54
2024-01-01T00:26:09.000000,a,1165,12.77,15.86
2024-01-01T00:26:09.000000,b,5343,20.26,15.38
2024-01-01T00:26:12.000000,a,1175,19.77,15.69
2024-01-01T00:26:12.000000,b,5354,32.12,15.53
2024-01-01T00:26:15.000000,a,1183,24.7,15.53
2024-01-01T00:26:15.000000,b,5367,51.14,15.92
2024-01-01T00:26:18.000000,a,1191,54.97,15.6
2024-01-01T00:26:18.000000,b,5378,67.2,15.93
2024-01-01T00:26:21.000000,a,1196,14.67,15.2
2024-01-01T00:26:21.000000,b,5383,27.53,14.72
2024-01-01T00:26:24.000000,a,1203,21.8,15.8
2024-01-01T00:26:24.000000,b,5393,15.39,15.94
2024-01-01T00:26:27.000000,a,1208,41.38,15.53
2024-01-01T00:26:27.000000,b,5402,17.45,14.71
2024-01-01T00:26:30.000000,a,1216,21.73,16.01
2024-01-01T00:26:30.000000,b,5409,20.9,14.67
2024-01-01T00:26:33.000000,a,1226,12.45,15.47
2024-01-01T00:26:33.000000,b,5417,14.2,15.15
2024-01-01T00:26:36.000000,a,1238,8.4,14.94
2024-01-01T00:26:36.000000,b,5429,59.3,15.42
2024-01-01T00:26:39.000000,a,1251,25.37,15.36
2024-01-01T00:26:39.000000,b,5439,23.22,15.13
2024-01-01T00:26:42.000000,a,1265,21.99,15.68
2024-01-01T00:26:42.000000,b,5449,15.96,15.14
2024-01-01T00:26:45.000000,a,1277,20.7,15.26
2024-01-01T00:26:45.000000,b,5454,20.22,15.64
2024-01-01T00:26:48.000000,a,1290,29.49,14.91
2024-01-01T00:26:48.000000,b,5464,18.63,15.15
2024-01-01T00:26:51.000000,a,1301,82.54,14.61
2024-01-01T00:26:51.000000,b,5477,34.22,15.23
2024-01-01T00:26:54.000000,a,1306,16.78,15.36
2024-01-01T00:26:54.000000,b,5489,42.39,15.39
2024-01-01T00:26:57.000000,a,1313,4.43,15.27
2024-01-01T00:26:57.000000,b,5502,41.9,14.99
2024-01-01T00:27:00.000000,a,1327,14.7,14.9
2024-01-01T00:27:00.000000,b,5512,10.67,14.91
2024-01-01T00:27:03.000000,a,1338,21.19,14.38
2024-01-01T00:27:03.000000,b,5526,23.9,14.93
2024-01-01T00:27:06.000000,a,1351,35.89,14.87
2024-01-01T00:27:06.000000,b,5532,22.98,15.27
2024-01-01T00:27:09.000000,a,1363,29.36,14.7
2024-01-01T00:27:09.000000,b,5544,13.21,15.27
2024-01-01T00:27:12.000000,a,1368,13.99,14.67
2024-01-01T00:27:12.000000,b,5550,14.23,15.54
2024-01-01T00:27:15.000000,a,1381,23.82,15.43
2024-01-01T00:27:15.000000,b,5560,21.2,14.29
2024-01-01T00:27:18.000000,a,1389,39.84,15.19
2024-01-01T00:27:18.000000,b,5566,20.92,14.85
2024-01-01T00:27:21.000000,a,1400,63.43,15.08
2024-01-01T00:27:21.000000,b,5571,25.37,14.56
2024-01-01T00:27:24.000000,a,1410,26.54,14.94
2024-01-01T00:27:24.000000,b,5583,11.2,14.7
2024-01-01T00:27:27.000000,a,1423,31.69,15.08
2024-01-01T00:27:27.000000,b,5595,56.55,15.26
2024-01-01T00:27:30.000000,a,1428,12.06,15.24
2024-01-01T00:27:30.000000,b,5609,24.09,15.2
2024-01-01T00:27:33.000000,a,1440,49.34,15.11
2024-01-01T00:27:33.000000,b,5614,8.46,14.77
2024-01-01T00:27:36.000000,a,1445,14.47,14.76
2024-01-01T00:27:36.000000,b,5621,20.31,15.43
2024-01-01T00:27:39.000000,a,1450,15.13,15.07
2024-01-01T00:27:39.000000,b,5635,16.47,14.86
2024-01-01T00:27:42.000000,a,1459,81.84,15.73
2024-01-01T00:27:42.000000,b,5644,17.19,14.97
2024-01-01T00:27:45.000000,a,1473,17.32,15.03
2024-01-01T00:27:45.000000,b,5657,27.12,15.46
2024-01-01T00:27:48.000000,a,1480,13.3,14.96
2024-01-01T00:27:48.000000,b,5663,14.77,15.25
2024-01-01T00:27:51.000000,a,1485,6.94,14.62
2024-01-01T00:27:51.000000,b,5674,13.03,15.35
2024-01-01T00:27:54.000000,a,1496,9.89,14.92
2024-01-01T00:27:54.000000,b,5688,12.4,15.24
2024-01-01T00:27:57.000000,a,1509,26.13,15.04
2024-01-01T00:27:57.000000,b,5699,32.39,15.02
2024-01-01T00:28:00.000000,a,1515,10.74,15.05
2024-01-01T00:28:00.000000,b,5711,22.46,14.76
2024-01-01T00:28:03.000000,a,1522,32.84,14.91
2024-01-01T00:28:03.000000,b,5720,13.39,15.08
2024-01-01T00:28:06.000000,a,1529,35.57,15.76
2024-01-01T00:28:06.000000,b,5733,11.47,15.22
2024-01-01T00:28:09.000000,a,1534,15.88,15.21
2024-01-01T00:28:09.000000,b,5745,22.4,15.4
2024-01-01T00:28:12.000000,a,1546,16.87,15.46
2024-01-01T00:28:12.000000,b,5750,33.49,14.88
2024-01-01T00:28:15.000000,a,1554,39.28,15.45
2024-01-01T00:28:15.000000,b,5756,46.37,15.48
2024-01-01T00:28:18.000000,a,1563,2.55,15.44
2024-01-01T00:28:18.000000,b,5765,20.72,14.9
2024-01-01T00:28:21.000000,a,1572,22.63,15.14
2024-01-01T00:28:21.000000,b,5770,11.98,15.14
2024-01-01T00:28:24.000000,a,1584,18.51,15.42
2024-01-01T00:28:24.000000,b,5783,17.72,15.63
2024-01-01T00:28:27.000000,a,1598,17.17,16.06
2024-01-01T00:28:27.000000,b,5795,30.84,15.54
2024-01-01T00:28:30.000000,a,1612,18.91,15.53
2024-01-01T00:28:30.000000,b,5803,9.37,14.89
2024-01-01T00:28:33.000000,a,1623,19.64,15.89
2024-01-01T00:28:33.000000,b,5815,14.93,15.52
2024-01-01T00:28:36.000000,a,1636,43.67,15.39
2024-01-01T00:28:36.000000,b,5824,14.36,15.1
2024-01-01T00:28:39.000000,a,1644,31.7,15.6
2024-01-01T00:28:39.000000,b,5838,18.53,15.7
2024-01-01T00:28:42.000000,a,1653,84.16,15.78
2024-01-01T00:28:42.000000,b,5852,13.18,15.31
2024-01-01T00:28:45.000000,a,1658,3.32,15.23
2024-01-01T00:28:45.000000,b,5863,7.19,16.06
2024-01-01T00:28:48.000000,a,1668,24.34,15.93
2024-01-01T00:28:48.000000,b,5877,17.95,16.03
2024-01-01T00:28:51.000000,a,1679,12.54,15.55
2024-01-01T00:28:51.000000,b,5885,11.93,15.41
2024-01-01T00:28:54.000000,a,1690,19.25,15.55
2024-01-01T00:28:54.000000,b,5893,33.37,16.01
2024-01-01T00:28:57.000000,a,1700,87.89,15.97
2024-01-01T00:28:57.000000,b,5907,29.6,16.11
2024-01-01T00:29:00.000000,a,1713,17.04,15.5
2024-01-01T00:29:00.000000,b,5914,29.57,16.16
2024-01-01T00:29:03.000000,a,1727,14.54,15.4
2024-01-01T00:29:03.000000,b,5922,17.3,15.57
2024-01-01T00:29:06.000000,a,1733,27.24,16.05
2024-01-01T00:29:06.000000,b,5936,32.24,15.81
2024-01-01T00:29:09.000000,a,1744,8.45,15.88
2024-01-01T00:29:09.000000,b,5945,20.81,15.67
2024-01-01T00:29:12.000000,a,1756,15.73,16.82
2024-01-01T00:29:12.000000,b,5952,26.06,16.3
2024-01-01T00:29:15.000000,a,1770,22.91,16.05
2024-01-01T00:29:15.000000,b,5966,15.8,16.32
2024-01-01T00:29:18.000000,a,1777,40.24,16.32
2024-01-01T00:29:18.000000,b,5974,25.58,15.8
2024-01-01T00:29:21.000000,a,1789,35.6,15.94
2024-01-01T00:29:21.000000,b,5985,31.76,16.42
2024-01-01T00:29:24.000000,a,1797,48.04,16.02
2024-01-01T00:29:24.000000,b,5997,17.48,16.69
2024-01-01T00:29:27.000000,a,1802,28.35,16.14
2024-01-01T00:29:27.000000,b,6006,24.33,16.06
2024-01-01T00:29:30.000000,a,1813,47.83,16.48
2024-01-01T00:29:30.000000,b,6020,6.28,16.16
2024-01-01T00:29:33.000000,a,1823,13.89,16.19
2024-01-01T00:29:33.000000,b,6027,6.68,17.0
2024-01-01T00:29:36.000000,a,1837,24.98,16.55
2024-01-01T00:29:36.000000,b,6033,29.1,17.02
2024-01-01T00:29:39.000000,a,1849,8.65,16.9
2024-01-01T00:29:39.000000,b,6038,14.82,16.61
2024-01-01T00:29:42.000000,a,1855,19.09,17.53
2024-01-01T00:29:42.000000,b,6043,10.76,16.76
2024-01-01T00:29:45.000000,a,1867,33.68,16.86
2024-01-01T00:29:45.000000,b,6057,17.32,16.95
2024-01-01T00:29:48.000000,a,1879,88.59,16.71
2024-01-01T00:29:48.000000,b,6069,10.63,17.25
2024-01-01T00:29:51.000000,a,1890,42.38,16.75
2024-01-01T00:29:51.000000,b,6074,15.74,16.69
2024-01-01T00:29:54.000000,a,1895,34.2,17.34
2024-01-01T00:29:54.000000,b,6079,10.61,17.63
2024-01-01T00:29:57.000000,a,1901,7.18,17.16
2024-01-01T00:29:57.000000,b,6087,11.1,16.84
